20001, Judith, Nickell, 28/7/2000, JuditNicke6286, 24a604bc3f164b7db9bf6c4199db66d0, 1, 12, 1005
20002, Ashley, Makhija, 17/3/1996, AshleMakhi7753, 1d1e549829719a014913ef895372a5e6, 3, 60, 1019
20003, Patricia, Anton, 21/4/2000, PatriAnton2524, 80655ff0d992c2fd30b754f11f59009e, 1, 6, 1047
20004, Edward, Lister, 18/9/1997, EdwarListe7695, 5c3949ef03f4cf8d7083e4aa0fc7542d, 2, 13, 1020
20005, Frank, Hendon, 9/1/1995, FrankHendo3161, 23389659f3d489907a51f0576662464a, 1, 98, 1001
20006, Jane, Surratt, 17/1/2000, JaneSurra1481, 7a8b34bece63d3d3a07a048a9c72a0ee, 2, 43, 1045
20007, Katie, Dade, 26/3/1999, KatieDade1447, bd9ad173af63c3926e927c78bece01e6, 3, 82, 1013
20008, Anthony, Williams, 15/9/2002, AnthoWilli1369, f9017f905abfc1028d14622921d54a22, 3, 72, 1011
20009, Lloyd, Cross, 5/1/2003, LloydCross4707, d9918ba4d746533dc72a2a09069dce63, 3, 48, 1019
20010, Marion, Pereyra, 20/4/2001, MarioPerey1139, d4bffe5ebb1d12f17a809c1ce7eeb843, 1, 9, 1014
20011, Thomas, Hall, 26/7/1997, ThomaHall3806, 587d6f873c83ca2b1cc489ef505ec12d, 2, 79, 1033
20012, Dorothy, Parkin, 4/8/2002, DorotParki3241, c0c86e69fad669ee364d97cf72728726, 1, 24, 1032
20013, Ronald, Cox, 4/2/1995, RonalCox7646, 90ee341b189669e9017712776c485cc8, 2, 97, 1032
20014, Kathy, Pillow, 9/2/1995, KathyPillo7789, bdf94160c715a3bff5b432103f960d99, 0, 77, 1012
20015, Max, Jacobs, 22/7/2000, MaxJacob2557, f7038a4f1b9fd745d356fcd5fa9e2ed1, 3, 18, 1004
20016, Evan, Wheat, 18/9/1995, EvanWheat4340, 75620bf2fd0aa7e34e3f79804ba67b97, 1, 47, 1038
20017, Alice, Martinez, 4/11/2000, AliceMarti3125, 20b7bad7081763deb11a7e58e83108d4, 1, 12, 1035
20018, Melania, Perryman, 9/4/1995, MelanPerry8671, 92e80aa5bf73e708ae192a258df0e766, 0, 24, 1034
20019, Megan, Wheeler, 11/1/2002, MeganWheel5643, d3944333ad6a019180dbd31aa6480bad, 1, 26, 1002
20020, Lisa, Fusco, 25/5/2000, LisaFusco4164, f938d6ccb0a77ed5c251f2653eff50d1, 0, 92, 1021
20021, Gilbert, Morgan, 26/12/1998, GilbeMorga3959, de05771c73ce7978d5e27821535a4c6f, 1, 71, 1021
20022, Katherine, Womer, 14/9/2003, KatheWomer5442, 126d88310659b42a7f9faddd9f999233, 0, 1, 1041
20023, Freida, Arnold, 9/6/1999, FreidArnol4840, 4cb1245d8a17037df74dd4a396327d5a, 2, 15, 1042
20024, Gina, Witham, 4/11/1999, GinaWitha8703, af96fb5dbe4152fdf454546d47912fde, 3, 69, 1038
20025, Lisa, Tomasek, 21/4/2000, LisaTomas8075, 14360f0d84e846f1bf00ca926632076e, 0, 56, 1013
20026, Mervin, Prosper, 4/11/2000, MerviProsp4808, 1a6dc4fe5ae0e2651465b5e1614283cc, 2, 81, 1028
20027, Gary, Buck, 10/9/1995, GaryBuck6508, 24ee0fcf3b44cb807a539edfaed50ad6, 0, 20, 1003
20028, Salvatore, Ashby, 5/4/1999, SalvaAshby9702, bacc5742f4f8535fc22fa46d9fd48fe9, 1, 60, 1003
20029, Michael, Spangler, 7/10/1999, MichaSpang5938, 2f651cbc4fa9c098794af98b2d3efb64, 2, 90, 1036
20030, Rose, Jones, 23/3/1998, RoseJones8445, e960aab0bbb97845124e720183b258b5, 3, 24, 1010
20031, Dawn, Russell, 5/9/2000, DawnRusse9640, f13a17105fea2238a198ce7c5639a21b, 2, 89, 1046
20032, Elena, Pino, 9/6/1997, ElenaPino2457, 965e0bf17ec5721dc69e4928aa76fd81, 1, 60, 1014
20033, Audrey, Watkins, 7/10/1998, AudreWatki5457, 18388063f8329b71e69a349e4b901e0f, 1, 48, 1050
20034, Julie, Stlaurent, 5/7/2000, JulieStlau6338, 23bcb045647d2841ec89ce4a8e5f7478, 1, 19, 1039
20035, Erica, Deni, 20/12/1997, EricaDeni9118, 696b4bcb4d5dbb8483deee546eb4c8c2, 0, 38, 1049
20036, Aaron, Rigsby, 27/7/2000, AaronRigsb1906, 869226df85aa548dedcbb0d0d1674789, 0, 60, 1020
20037, Jennifer, Balistreri, 8/9/1996, JenniBalis3623, 4892f1463eef32cb4945c3e6da52556f, 0, 58, 1029
20038, Marilyn, Peters, 2/7/2001, MarilPeter9985, 46559850b42031e8498e3fdac2e94078, 0, 16, 1029
20039, Walter, Bower, 4/5/1999, WalteBower4907, 482bf38bd94880b332533e413ad1c729, 0, 10, 1025
20040, Melvin, Young, 8/7/2000, MelviYoung8833, 15e9478ffee2b4a7792b1dc22df0fd96, 2, 19, 1007
20041, Rodney, Henry, 8/2/1996, RodneHenry6234, decbcd8c7991026bd7e570908e0d1daa, 1, 60, 1021
20042, Reid, Wright, 17/9/1998, ReidWrigh2974, bb61ada87290bd1f061212820be7337f, 3, 39, 1031
20043, Erik, Evans, 26/4/1996, ErikEvans8085, 0afabe7da8801a2df97ffd2918ab3d48, 3, 21, 1028
20044, Barbara, Coffman, 27/11/1998, BarbaCoffm9381, 732e50e59861069c8d11a79989c7ebba, 3, 20, 1004
20045, Oma, Grant, 12/1/1999, OmaGrant9028, b25997f25f62d9d85dcd9ab097942be6, 2, 39, 1038
20046, Raquel, Hughes, 4/5/2003, RaqueHughe7793, e4944e5d4f79ce77b029da8157c574de, 1, 11, 1024
20047, Beatrice, Tyler, 12/8/1996, BeatrTyler4111, 56beed0b6b49240d21ee16270a6e2cab, 0, 100, 1036
20048, Luis, Curtis, 13/10/2002, LuisCurti8145, a8058b0a321acd0136c01f6eff3fad59, 1, 74, 1009
20049, Kara, Matthews, 6/5/2001, KaraMatth7718, 8a9472bf3da23c3e0280688f7586a18e, 1, 15, 1039
20050, Thomas, Dash, 15/11/2002, ThomaDash4215, 9160197581f516771987f2f8845e4d28, 0, 4, 1029
20051, Nicholas, Plante, 2/6/1996, NichoPlant5165, ca1c2f62a1a4fc58f6e30c04684f2ca4, 0, 84, 1037
20052, Willy, Acuna, 11/12/1996, WillyAcuna1119, 267969969d6e5851f7cff3866b7dbbd9, 3, 13, 1018
20053, Thomas, Carlson, 11/2/1997, ThomaCarls6317, b9151ab51b0b1892085cd667813ae5de, 2, 4, 1029
20054, Lino, Loomis, 4/5/1996, LinoLoomi9540, 0c8fea28c08b0f2c88ee7b604be0780e, 0, 61, 1009
20055, David, Creamer, 17/10/2002, DavidCream9640, 288cd4bdba7ac5f0bf395de6646c0bf2, 1, 21, 1018
20056, Ashly, Quandt, 17/10/2001, AshlyQuand5430, 24b41ac72e95e7b1a52a75d427f4d9cc, 2, 56, 1004
20057, Ruth, Stewart, 19/9/2003, RuthStewa4586, 8eb51d6678a12dc386c9893b2fc76fd7, 0, 5, 1004
20058, Nancy, Mize, 21/5/2001, NancyMize1386, ddb569b0816ea5167669d03c95cd5b51, 3, 20, 1042
20059, Claude, Pro, 8/8/1997, ClaudPro2122, e5d325eb217b839efc82b580b0353bd4, 2, 37, 1033
20060, Armando, Morrison, 24/4/2002, ArmanMorri4322, 5b932cddda42542c71274f9aa82290c7, 1, 50, 1005
20061, Christopher, Pettus, 17/10/2002, ChrisPettu6007, b120d1490d857a4baab92c56561210aa, 2, 91, 1010
20062, Melissa, Long, 2/4/1995, MelisLong9891, 1db34fcc6edb4180c45e608704a60d49, 0, 78, 1050
20063, Donald, Porath, 5/7/2003, DonalPorat6311, 7d2c78e9564f7a48887883dd1033869c, 2, 30, 1007
20064, Cindy, Salinas, 6/10/2003, CindySalin5305, dc4c868b90be6657b7123472397d28bb, 1, 47, 1020
20065, Suzanne, Brown, 17/7/2000, SuzanBrown5411, 67f4ff3f823a35e2ca1fc7c3d6b7f834, 3, 100, 1034
20066, Kevin, Pullman, 14/2/2003, KevinPullm9998, dea35a45f4087ad628b581cc86095353, 2, 89, 1009
20067, Katherine, Landing, 28/3/1996, KatheLandi3560, d9b929c80d0e55daa31ac93afd35b18b, 2, 28, 1023
20068, Nicole, Vazquez, 11/11/1999, NicolVazqu7271, 262c268b259e2431bd13ad6694e7314a, 1, 70, 1049
20069, Michael, Deville, 10/4/1998, MichaDevil4264, 177f3becef9d4529bac98d327d000a24, 2, 57, 1015
20070, Jolene, Maes, 21/9/2002, JolenMaes3048, e393361c9f2bb6f20236ef47c6177006, 0, 40, 1004
20071, Linda, Hollie, 20/9/1995, LindaHolli1821, 67fc630df937f365a8cff5018ee83efa, 2, 65, 1046
20072, Barbara, Tolliver, 8/6/2001, BarbaTolli9604, 1daeecea2eb43a3a4782e3baf43ebb7a, 3, 32, 1036
20073, Thora, Romero, 7/12/2003, ThoraRomer3597, b0fdeb7e0bc7ead81f2170b8b87ef4a5, 1, 50, 1037
20074, Brandy, Longmire, 13/2/1996, BrandLongm1593, 3b564c2f32ab589902dd47ab21e059eb, 3, 12, 1011
20075, Catherine, Stumpf, 9/2/1996, CatheStump6294, c27747005bf0ebb071e25e6ba33b38ca, 0, 38, 1043
20076, Rosemary, Green, 19/4/1996, RosemGreen8467, c88d411e277c95aebf29111f6f111071, 0, 63, 1024
20077, Carol, Cacioppo, 16/8/2000, CarolCacio4495, 2cad4e8f9d829ed5cade8d9f28184354, 2, 8, 1049
20078, Wendy, Stiles, 26/5/1999, WendyStile3091, fc87458f7594763169008c86c1af94ef, 3, 39, 1007
20079, Irma, Dias, 25/5/1997, IrmaDias2909, 4bb0fe93306b16576ae25823ae683fcb, 3, 26, 1009
20080, Rena, Scott, 6/6/1998, RenaScott3632, 2581f229b64cf8f0e2a47ab367c87a34, 3, 77, 1049
20081, Michael, Delaune, 4/8/2003, MichaDelau8380, b89b47cfa27a2fdcf7085b842626a4c4, 3, 11, 1030
20082, Edmund, Boteilho, 13/9/1997, EdmunBotei3799, 24c3ed594a44a7511494f27d45e1382f, 1, 14, 1009
20083, Thomas, Nation, 9/9/1995, ThomaNatio9960, 9e1f0e1648df8c474f178e5c182465ba, 1, 6, 1004
20084, Janice, Almand, 7/10/2002, JanicAlman5101, 6f9a523a45babc73e69d98c25f9e7eef, 2, 82, 1027
20085, Helen, Taylor, 15/8/2003, HelenTaylo8273, e121b3380a54b05c3bec3d65eafa8225, 2, 47, 1008
20086, Mae, Sauceda, 16/5/2002, MaeSauce6702, f9721ece426e4da311e56dd2d381fadb, 2, 21, 1012
20087, Kevin, Spicher, 27/3/2000, KevinSpich7832, e89a5003f0f6b29b69c8a4b6d126536c, 2, 95, 1039
20088, Virginia, Ewing, 3/1/2002, VirgiEwing6802, 9533980a71e3bb9a678d1c3b231aca6a, 2, 90, 1044
20089, Kim, Sullivan, 19/9/1998, KimSulli8741, c62416cb7a4b5dce8bb02399ef77f787, 0, 20, 1017
20090, Melissa, Musick, 22/1/1996, MelisMusic8720, b6052a67149885eea8bfa0cd418a9f1c, 3, 55, 1003
20091, Phillip, Stafford, 14/10/2001, PhillStaff4128, 6bc5a297d30f2f4a293c1dd079cb4881, 0, 7, 1031
20092, Frances, Robinson, 23/7/2000, FrancRobin4515, 0adb124394fda90dd6a8f5067027f093, 3, 62, 1034
20093, Aaron, Burke, 21/5/2000, AaronBurke6251, c00b2047bd76a68636091e4fe87c05bd, 1, 97, 1037
20094, Marisol, Dawkins, 10/10/1996, MarisDawki7345, 7d06de55a61d50f55188e288ac945492, 3, 17, 1050
20095, Clifford, Llanas, 26/1/2000, CliffLlana5673, 1af0459f99cdef82c52b675d3fb11ee5, 2, 82, 1024
20096, Danette, Hollomon, 6/11/2002, DanetHollo3155, 76814e2bee3a51015696d238fccb75fa, 1, 29, 1028
20097, Beulah, Withem, 13/3/1995, BeulaWithe8931, 481c1b2e734c1cb012055d62017e934a, 1, 100, 1047
20098, John, Ortiz, 28/12/1997, JohnOrtiz7781, cdaa8384fc478c4787213b57477cbe3b, 1, 90, 1025
20099, Caroline, Burton, 21/12/1999, CarolBurto8497, 2e16f87bf86f2836c4a7b31ef0ac1013, 2, 86, 1039
20100, William, Collelo, 26/6/1997, WilliColle6999, 3d77406536b9166f32dc554809afaee7, 1, 60, 1025
20101, Charles, Church, 26/9/2002, CharlChurc9786, a882619d48028afd039d45300c3fbb69, 3, 3, 1043
20102, John, Meacham, 21/3/1999, JohnMeach4034, 7c06e26b6dae50a49619b8e1b378f7d1, 1, 73, 1041
20103, Marco, Stenn, 25/2/2003, MarcoStenn3997, 42b3930d412b116c2922db2d84267e21, 2, 63, 1034
20104, Yvonne, Arrington, 9/5/2003, YvonnArrin1497, 0e365034c89581ab80880a958ea25ee0, 0, 94, 1026
20105, Ana, Ownby, 19/10/2002, AnaOwnby6669, 784e5a72c601753865eee058e0e7e54a, 1, 52, 1029
20106, Ralph, Blay, 21/11/1999, RalphBlay5142, 637077eed779a48704f890b8290fc269, 3, 58, 1016
20107, Diane, Ortega, 24/11/1995, DianeOrteg9846, fea2891837c376fa81369b92f04f133c, 0, 11, 1004
20108, Wayne, Wein, 23/10/1995, WayneWein9275, e7e840fe47b0c4a02c269a9756024725, 1, 61, 1042
20109, Ray, Liszewski, 6/3/1996, RayLisze2334, 83203192bbdb4837603ae8bfc031d1f9, 2, 76, 1043
20110, Karen, Duran, 22/7/1995, KarenDuran7439, 852faea0f7153e6a28b4d2e17b36af0b, 2, 50, 1021
20111, Rolland, Rothwell, 22/7/1997, RollaRothw4618, 9d3181df1fe4fea543f8bfa2fe719145, 3, 56, 1007
20112, Ashley, Akins, 24/1/2001, AshleAkins4219, d1a538b341e47eecd618e2de9b2b63c2, 3, 17, 1007
20113, Vicki, Roberson, 22/5/1997, VickiRober5471, 36e1ebe320a683587943649084409218, 1, 43, 1001
20114, Jennifer, Pignone, 14/1/2000, JenniPigno4769, bb77bab751970b2754309dee3436aded, 3, 13, 1011
20115, Willie, Rooney, 5/7/1998, WilliRoone6926, 7a1e575b0bbc19dc75f741c165420faf, 2, 65, 1003
20116, Gwendolyn, Hor, 17/2/2003, GwendHor3995, e1e36e5aeab33df11b8ca2eb51d21a46, 1, 82, 1026
20117, Carmen, Hill, 28/12/1998, CarmeHill7123, 797dfaa5282b838142e5e6fb4228abd6, 1, 85, 1025
20118, Carolyn, Brown, 12/6/1998, CarolBrown4989, 2f882bfe1cc3265b0d42bb5cfc9c0378, 0, 21, 1019
20119, Jean, Anaya, 12/11/1997, JeanAnaya4767, 2fb55fbce30a26176ec76d786e13e137, 1, 15, 1006
20120, Ricky, Oneill, 16/10/1999, RickyOneil2308, ba97015344bad160593c719f611ac41d, 3, 95, 1012
20121, Marjorie, Moore, 12/4/1996, MarjoMoore7743, 4bb7aae8d4472d054aa28af87234923d, 0, 59, 1045
20122, Richard, Barron, 2/5/1996, RichaBarro4446, fb36227cda246d8625700d7a21d03673, 2, 26, 1044
20123, Kimberly, Adkins, 10/7/1999, KimbeAdkin4577, 502e6f6225d9a4ef7e85310411aad1a1, 1, 7, 1007
20124, Sandra, Bennett, 16/5/2001, SandrBenne4527, abcdbe48e7230d1fd0031f15c08b4884, 3, 87, 1031
20125, Leona, Dierking, 20/2/2002, LeonaDierk2475, 858628d19471a4c087b16eacad76d5d0, 2, 45, 1026
20126, John, Harrison, 26/5/1997, JohnHarri7086, b86bf534b60616ec65bf25d700e4cb10, 1, 64, 1007
20127, Steven, Mabe, 25/6/2000, SteveMabe4246, 128457f58ce9be21ff83e2216cb64b5c, 3, 11, 1014
20128, Pauline, Miller, 11/5/2002, PauliMille2350, e1d13c8cda0badb23b2a33fb41d564ac, 0, 74, 1021
20129, Juana, Esquivel, 4/8/1995, JuanaEsqui6571, 1adc9cde1b754e3e9d4bf6707c2c06f3, 1, 91, 1050
20130, Jennie, Bennett, 12/1/2001, JenniBenne7205, f844143a38e6bd6e5e07becac136aae4, 1, 22, 1006
20131, Faith, Digeorgio, 11/1/2002, FaithDigeo4283, a70aa89c0be879e5816bb2085bedd99f, 1, 69, 1012
20132, Brenda, Rice, 13/1/1998, BrendRice5180, 916694fd4ffb4ce301b4700b36931bef, 3, 32, 1031
20133, Bobby, Duncan, 1/7/2000, BobbyDunca7351, 4e759cf5493496ece21ac7b837ae87c7, 1, 100, 1016
20134, Daniel, Bradford, 2/7/2000, DanieBradf5061, 24521b049cd39e171c25444d75a5ed48, 1, 4, 1043
20135, Julie, Elliott, 6/8/2002, JulieEllio6180, 8edafebe8e88f80c360b9f1cf7491c19, 3, 39, 1042
20136, Melissa, Vargas, 7/10/1997, MelisVarga9608, ce40b45664ed0a6d25519609f8485dd4, 2, 41, 1004
20137, Alberta, Hernandez, 20/10/2001, AlberHerna8962, a26819b030b5a56a7f838ba6d84f7df2, 3, 5, 1041
20138, Gloria, Myers, 13/6/2003, GloriMyers8554, 7d372d204bd34ec6adfd21c168931404, 1, 35, 1049
20139, Henry, Gonzalez, 18/2/2001, HenryGonza5241, bd2cfb35f42e02ef704076fdf9538b22, 1, 95, 1011
20140, Ines, Finnell, 9/2/2000, InesFinne1846, c0f4edd5692c3c7ba4fc56b86300b959, 2, 42, 1045
20141, Willie, Bosse, 2/3/2000, WilliBosse5086, 8e0c4317e1df6062abe3eef638e26536, 3, 48, 1036
20142, Bryan, Duran, 15/6/1995, BryanDuran3415, d1217e2cf74feea4641acfc9e423676f, 1, 18, 1004
20143, Thomas, Palacios, 19/12/1995, ThomaPalac7533, 45bdfaed58c93998b0b87d2b73d36bca, 0, 60, 1015
20144, Shane, Hammett, 10/8/1999, ShaneHamme3780, e604aa2a0ceb6902f291005c9869f982, 0, 2, 1022
20145, Laurie, Abbott, 8/1/2002, LauriAbbot2663, 77983992abb59c2e41c66de14dbbf617, 2, 75, 1020
20146, Kelly, Deloatch, 5/9/1995, KellyDeloa6682, 77f22dc3df555a0c392f0af6d6a12111, 1, 68, 1004
20147, Carmen, Golden, 16/5/2000, CarmeGolde2241, 0c0f55418e469333b5003fcdaa066b29, 1, 78, 1020
20148, Ryan, Thoennes, 17/3/1998, RyanThoen7986, aca0b87c0c560d0098cfd276816952a9, 2, 42, 1046
20149, Rosalia, Barrett, 2/8/2002, RosalBarre6636, 350dc7f9d2f339f1ce376c2414128600, 1, 38, 1028
20150, Paul, Cubias, 15/11/1999, PaulCubia3981, db7043fee8b39af5cbd365ca072396ba, 1, 66, 1003
20151, Jeff, Green, 27/2/1999, JeffGreen3242, e0e1c8e074b8118abc0dace0239b5f7e, 0, 11, 1031
20152, Roy, Small, 18/8/2003, RoySmall2282, 20fcea36c841c57ca673618c90ff68ec, 0, 12, 1025
20153, Terry, Eshleman, 10/9/1995, TerryEshle2638, cd979f6ee1c5e143d1dced7391e91470, 2, 75, 1048
20154, Robyn, Davis, 7/10/2001, RobynDavis8255, 02d9394e8b44f8639df6e0f3854dc3f3, 3, 75, 1011
20155, James, Doctor, 14/1/2001, JamesDocto9574, 0cb6e8cbe857a746a55913027050c56c, 1, 89, 1004
20156, Walter, Achee, 18/10/1998, WalteAchee6593, a39bcf55a3cb8508695db9ae818dd60d, 2, 43, 1031
20157, Robert, Bradford, 14/11/1999, RoberBradf6263, 0cd3fa19249283f3a17abe734d146cf8, 1, 2, 1016
20158, Marilyn, Waite, 10/9/1996, MarilWaite1865, debfeaf80f4a693a673ba50ef12b86c2, 2, 34, 1027
20159, Eddie, Davies, 21/3/1999, EddieDavie9895, d793d18e553c935040e836804a504359, 1, 8, 1005
20160, Ivan, Mosteller, 10/8/1998, IvanMoste7205, 2cb792a731af1addb9768ea7dabcd415, 1, 49, 1028
20161, Sharon, Milligan, 10/5/2001, SharoMilli1534, 1b449208168a1d79f1754956f341f759, 3, 74, 1011
20162, Maggie, Anderson, 2/5/1996, MaggiAnder3427, 2364afb10d888dfd6db38ebfd04bfdce, 2, 87, 1040
20163, Marjorie, Wilson, 5/10/2003, MarjoWilso2115, 46c300251b8095de1d41a46af685a754, 1, 20, 1005
20164, Kelli, Wells, 1/9/1996, KelliWells2736, b2282067eeddee4dc0d4ee2f73701eef, 2, 84, 1019
20165, Stuart, Lauer, 23/7/2003, StuarLauer2258, 1b21e73e26f8bf1cb9b0952c8f41c3f0, 3, 9, 1010
20166, James, Freed, 10/9/1997, JamesFreed9323, 2838248c5eb5e93f8062b3b54d821b59, 3, 69, 1042
20167, Marcia, Picton, 27/8/2002, MarciPicto8168, 674ee0b1f7f6fd5f7bcfccf6c883330c, 1, 2, 1042
20168, Charlene, Gadbois, 11/6/1996, CharlGadbo9336, 24a93ec5c1f81062b6958067c40d6f76, 3, 96, 1040
20169, Michael, Miceli, 13/5/2000, MichaMicel2461, 176c30a44eea4c1a6959326874c2c6ec, 3, 12, 1002
20170, Kimberly, Scribner, 27/6/1996, KimbeScrib2891, e2fda95ba89bc45014f000838a09f413, 0, 7, 1003
20171, Malcolm, Newton, 15/8/1996, MalcoNewto8223, 66a4e19dd9dac8e48ec3499da69ce00d, 3, 35, 1010
20172, Aimee, Postley, 1/10/2001, AimeePostl9911, eedbba3cc713ac5c368e6699e51eec41, 2, 36, 1029
20173, Robert, Veasey, 14/4/1996, RoberVease4691, 6adc84df211f347de2ae9d2a5e73773a, 0, 33, 1003
20174, Niki, Green, 12/7/1998, NikiGreen3029, 7fb6daecbf8f2f30db7874760eae843b, 2, 92, 1013
20175, Devon, Lindall, 2/10/2003, DevonLinda1227, 03bf1e9f3b41337040d5c56d2c1bfca2, 3, 42, 1033
20176, Ronald, Lewis, 28/11/1997, RonalLewis5829, 6fe3102fd2834b67f454d2dc79c9cffb, 2, 73, 1034
20177, James, Hudson, 15/1/2002, JamesHudso4092, 69dd3d362f5183515eadaed3d034e7e4, 3, 40, 1039
20178, Elaine, Bohland, 18/1/1996, ElainBohla9178, 76f93efec47d9eab8ac0e53b83375cb3, 3, 77, 1046
20179, Annette, Manfre, 22/6/2003, AnnetManfr9530, ccb9eaa98c98d4d2b48df317eab3ff62, 3, 4, 1030
20180, Nadine, Porter, 11/1/1995, NadinPorte7682, b26efae3e07fb87d1afd4c1c78972c2d, 3, 3, 1040
20181, Carlton, Tunis, 6/1/1997, CarltTunis6666, 3d506d634d4927feedd2a051924936fc, 2, 32, 1010
20182, Steven, Triche, 21/4/1995, SteveTrich3636, dd928e8a16995ebaf0e21f7f9597f6a3, 0, 6, 1044
20183, Kerry, Hopkins, 3/1/2000, KerryHopki2139, 4aeb0dc901ca0862b4f97ba6aa39ce52, 0, 24, 1025
20184, Nicholas, Arata, 4/10/1998, NichoArata4305, e02478b93c3bae3a564bca704596c33a, 1, 72, 1011
20185, Hope, Fitzpatrick, 14/3/1997, HopeFitzp3665, dad2dc874bb4e79ff9ebc02376dfcbe3, 3, 34, 1050
20186, Melissa, Tuttle, 26/3/1995, MelisTuttl1469, ef2193760d55cee1631fddaae28c6f1a, 1, 27, 1022
20187, Scott, Mcdonald, 21/2/1997, ScottMcdon9728, 4ca493bca4a96f8ff85605ed6727943c, 2, 76, 1042
20188, James, Lail, 24/4/1996, JamesLail2375, d869afaa38e0b7999e1e6f95224a7bfe, 2, 15, 1029
20189, Wesley, Lee, 10/4/1996, WesleLee7327, 98ab61d5a5ab3123610f3054a124b56f, 0, 66, 1041
20190, Dorothy, Healey, 9/2/2003, DorotHeale8741, 7f0fd44b7a156ef73a432e8a3adf7d01, 2, 73, 1040
20191, Carl, Bivens, 19/12/1997, CarlBiven2418, d93e44d6979863703e29b7731d5bcc72, 3, 48, 1007
20192, Barbara, Templeton, 4/9/2002, BarbaTempl3294, de3c3543c8f7af8c68efbd7bf5774292, 1, 63, 1016
20193, Jamie, Black, 22/10/2000, JamieBlack9943, 37c14ed8ad2a2da2ff9acf9443908bf6, 0, 70, 1014
20194, Evelyn, Spriggs, 23/10/2002, EvelySprig5991, 1e23847650e3df1e83bf95f6ac97f564, 0, 4, 1033
20195, Emanuel, Schoen, 5/1/1999, EmanuSchoe2064, 5eb1090ea912da7006abf8a1f1c70b0e, 3, 12, 1018
20196, Heather, Meyer, 28/9/2001, HeathMeyer2677, 0fb4f62e36c29671eac67ef210c3de6d, 1, 22, 1014
20197, Audry, Faulkner, 28/6/1997, AudryFaulk8816, 05c35c7f6fd95acf6a8a677b63b30c94, 3, 41, 1030
20198, Guadalupe, Floyd, 6/2/1998, GuadaFloyd7322, 6b398fdcf2f10ee01e9130fde73a07ca, 3, 1, 1029
20199, Loretta, Pritchard, 16/9/2002, LoretPritc9083, 58be508fa6a3593e8861bd6785a40483, 0, 72, 1001
20200, George, Hisaw, 13/10/1996, GeorgHisaw7187, 8076fe65f0f4280a161677f2b75e8883, 0, 88, 1010
20201, Robin, Porter, 17/8/1999, RobinPorte5570, f624a95e1dee667af87a6939f148120b, 2, 48, 1009
20202, Lori, Reed, 3/12/2002, LoriReed2198, 89b24b702831d88c6b6507cf75ef9667, 3, 64, 1005
20203, Frank, Welch, 19/8/2001, FrankWelch9217, 9909133583697865aaa001f2570bb3ad, 2, 1, 1001
20204, Daniel, Bryan, 28/5/1996, DanieBryan3527, ed399e6fd27d0a57e3b0d38d8d8e143e, 2, 27, 1030
20205, Donald, Thomas, 8/2/2002, DonalThoma1070, 1c44c5ad1c740b3c4ef3f1afd85f2133, 0, 86, 1039
20206, John, Petrowski, 6/6/1997, JohnPetro2999, 6b17b2e9f1bc73cb0549be2c3e72e2ce, 2, 41, 1038
20207, Roy, Butler, 9/2/1995, RoyButle6808, 32333d6f89613d0f422aa6695b6409a6, 3, 58, 1045
20208, Michael, Jacobs, 15/6/2000, MichaJacob3188, b7a95a81e8fe07ab398f0c86ea30a534, 0, 93, 1026
20209, Marc, Studer, 6/12/2000, MarcStude8836, 58ed6a7f73ca5c475a502e5140310cb8, 2, 72, 1044
20210, Jordan, Poulson, 17/5/1998, JordaPouls5849, 285578e4881ea1969176a8da7ffd5ee8, 0, 73, 1040
20211, Eugene, Hockenberry, 27/2/2000, EugenHocke8532, 7deab1db54a0fd74ced958c476ad4d60, 0, 81, 1002
20212, Ernest, Wulff, 13/1/2003, ErnesWulff4608, 398f7cd9e0078fcca049fa1151643d77, 2, 79, 1007
20213, Debbie, Reichel, 10/10/2003, DebbiReich5852, 10486e10d7704951469490eef929d62f, 3, 68, 1006
20214, Helen, Johnson, 18/8/2003, HelenJohns8793, 8a8b54e51581d0336a2fad6e845c7c3a, 3, 7, 1040
20215, Jessica, Lutz, 6/6/1999, JessiLutz8957, c18317961e5c71448d06ad034acc8828, 2, 60, 1008
20216, David, Young, 20/5/1995, DavidYoung2418, d5f6b730f15dfb40fd898ee82df62ae3, 3, 24, 1043
20217, Thomasena, Pettner, 6/12/1997, ThomaPettn9432, f4094242af279ba89d2091cd8cab2a3e, 1, 65, 1047
20218, Asia, Leech, 14/8/2000, AsiaLeech3834, defa318a315fd1957127c3eef33030ad, 1, 48, 1034
20219, Norman, Rhodes, 25/9/1995, NormaRhode8542, 34a8929edf81b646257f14f99944ac22, 1, 83, 1036
20220, Marissa, Hesley, 11/1/1995, MarisHesle7187, 92e249a54e034e26d768b0e5770bd4de, 3, 69, 1001
20221, Jose, Stancliff, 6/12/1999, JoseStanc7883, b9552ab8448765907e060f91640f4ca0, 3, 94, 1035
20222, Stella, Davis, 24/12/1998, StellDavis6875, b405a70a3cfa65bbb3c9c565f0d665ee, 2, 71, 1026
20223, Patrica, Harrist, 25/1/2001, PatriHarri7329, f9d531eed5c606df4d70f02cd1e72e46, 3, 36, 1034
20224, Richard, Cunningham, 28/3/2001, RichaCunni2386, e90f7d232e29cb0414fea0eb6c1b1b32, 0, 70, 1031
20225, Emanuel, Mejia, 1/10/1995, EmanuMejia3779, e24cc7e0bafd6a20632698a275999fc5, 3, 40, 1005
20226, Tyler, Reed, 15/5/2001, TylerReed9389, 4848bb91c10f8cb0cfdb13b60379782e, 2, 4, 1022
20227, George, Akers, 1/9/2000, GeorgAkers2644, dbd06b454bbf7994266c4ce436b41d8c, 0, 39, 1012
20228, Joni, Lytell, 15/1/1996, JoniLytel2472, 40b1d9b7c6d9ce98fb11e7090aa59b25, 1, 59, 1017
20229, Timothy, Conley, 28/11/2003, TimotConle5407, 166a5681d52be65940d46e0700bb5806, 2, 5, 1040
20230, Nathan, Davis, 3/9/1998, NathaDavis9285, 2a2f05ba46e79d5d7ce5ae98c638af67, 2, 49, 1031
20231, Grace, Weiss, 25/11/1995, GraceWeiss6808, 07c88715290d087fbe6c4a3dd94944d1, 0, 14, 1001
20232, Amy, Lindsay, 28/2/1998, AmyLinds9648, 13d0b8eea911d81b49ec8955f2212017, 3, 73, 1010
20233, Sandra, Driscoll, 2/7/1995, SandrDrisc6612, 759b35cb9d2243b9d8f8a3c40ee22da9, 2, 10, 1007
20234, Leslie, Mcfadden, 10/9/1996, LesliMcfad5830, 173a4ee31161a72a995b03b435414757, 0, 15, 1023
20235, Donna, Cook, 14/12/1998, DonnaCook1027, 7d1ccf20816ae6524acfa5aee0654410, 2, 38, 1027
20236, Jim, Hicks, 11/10/1997, JimHicks1012, 9c7e9bfc93cd7e4934495daac0d4c576, 0, 85, 1016
20237, Joe, Morrison, 8/2/1995, JoeMorri3966, a73b77038c49ba37f5ad4ce10240c3b8, 1, 51, 1011
20238, Maryellen, Rabinowitz, 9/9/2000, MaryeRabin5246, f93942606995f0e20cf34bf75275987b, 2, 7, 1047
20239, Blaine, Wilson, 23/1/1999, BlainWilso2334, 7a5f10588380c578535e15f5cb7e831d, 0, 37, 1023
20240, Lori, Garrison, 2/5/1998, LoriGarri5565, fdd899d4e1dd012a754c1e33cca492e9, 2, 79, 1024
20241, Willie, Adams, 7/9/1996, WilliAdams1259, dbb65edc22d7434e989bca5e5ca18956, 3, 28, 1025
20242, Gloria, Loyd, 11/5/1995, GloriLoyd5778, aa1fbf67abb31c5c08e78dab21a6ab5e, 1, 98, 1008
20243, Carroll, Brown, 21/4/1997, CarroBrown2808, 27b5e6108b03784daa880205fbb6d19f, 0, 86, 1003
20244, Jason, Perez, 21/10/1999, JasonPerez9625, a7e8dd92e28ffef79da26df9496ee49c, 1, 32, 1042
20245, Bernice, Crowder, 17/3/1996, BerniCrowd3820, 99bb4f9dfa87fa2c5f1373d2374ca7f1, 0, 78, 1038
20246, Loretta, Woodruff, 14/5/1998, LoretWoodr2500, 3b3a18d860ff903a9c72bf4798032bff, 0, 20, 1003
20247, Mark, Newhouse, 25/1/2002, MarkNewho9199, 7b29167cc5e78838e878b30da9081e26, 3, 27, 1040
20248, Pam, Tingley, 17/7/2003, PamTingl4552, b6bb23445e21680046873b6c83134bdf, 2, 31, 1005
20249, James, Reynolds, 21/12/2001, JamesReyno5533, 56e0b79a7f826d89545532cac78ea7ff, 1, 43, 1020
20250, Steven, Johnson, 9/2/1999, SteveJohns1381, bde84c9b872a3e3558ce8f44928f34ee, 3, 19, 1036
20251, Edwina, Jenkins, 11/10/2002, EdwinJenki2021, cba959af9dcdbf51188e85def6d523fa, 3, 57, 1012
20252, Jamie, Kirk, 24/5/2003, JamieKirk8790, be5bb2191df7d27a65a8974cee82399a, 0, 74, 1004
20253, Marshall, Mccabe, 4/5/2002, MarshMccab7474, d305b01e227ccaefb254c627ce7ddc00, 2, 44, 1034
20254, Sherry, Harvey, 4/10/1999, SherrHarve3971, 07d325319d7f22c6006e5c14c9511e22, 0, 46, 1039
20255, James, Doherty, 24/5/1999, JamesDoher5319, 0309723359a1e2f487c5ac99bb3806f3, 2, 47, 1005
20256, Robert, Gonzales, 7/12/1996, RoberGonza5345, 9592547c0ea9d250a49b8782796967e0, 3, 35, 1037
20257, Jodi, Bishop, 27/12/2001, JodiBisho4479, 0133cc2ee9a2dc47e504c5850c5bd3d1, 1, 18, 1037
20258, Russell, Russo, 9/8/1995, RusseRusso5205, 66562af5379fe5a6b1e3f1d16580317d, 1, 44, 1046
20259, Eric, Call, 5/10/1998, EricCall6143, 7af1cb926faa469fa9efb2f856363a0c, 1, 83, 1010
20260, William, Anderson, 19/2/2001, WilliAnder6344, e8fb09570a8cac5238c6af0f5756cc5e, 3, 75, 1038
20261, Grace, Gailey, 4/9/1995, GraceGaile2776, 8288eb77e860d46fbebd2e250e12204f, 2, 7, 1014
20262, Jack, Hernandez, 3/4/1998, JackHerna5084, 5631009774910fc623ac16592577bf52, 0, 37, 1013
20263, Miriam, Hall, 10/10/2001, MiriaHall1213, 7904df8b862d0e22f8bbd63c03d1d23e, 3, 5, 1007
20264, Liza, Delaney, 12/1/1998, LizaDelan3709, dcec42f750464d1de7fc5301052a5250, 1, 74, 1037
20265, Rosemarie, Gerleman, 11/10/1996, RosemGerle3662, b3a68cbea814a65011190e6b988ed156, 2, 74, 1039
20266, Crystal, Jesus, 5/5/1999, CrystJesus1127, c030f15d838f0802ecb07e3a65ec01f9, 1, 75, 1046
20267, Angie, Ferreira, 10/2/2003, AngieFerre3041, 790680077ba0d13cedde6b6f599c3296, 1, 84, 1039
20268, James, Gomez, 21/2/2000, JamesGomez8721, 979e073a56405449a53582629fea6d8f, 3, 96, 1008
20269, Robert, Hocutt, 24/11/2001, RoberHocut5129, 1991060a8316cc342a8ab3c3760499a0, 1, 31, 1041
20270, Edward, Willams, 26/10/1998, EdwarWilla5339, 04c517a76b0105046392831ac61ef6fb, 3, 53, 1021
20271, Diana, Carlyon, 15/2/1996, DianaCarly8082, 90a5eb8e8d406e35ef08dda290a81ede, 2, 80, 1037
20272, Ted, Blevins, 26/7/2001, TedBlevi4728, 36a9c752f6f27c8e5ccad8dc5086d9df, 2, 56, 1048
20273, Wilbur, Flores, 24/3/2001, WilbuFlore7584, 56a246538dc006f98e9f04b62b6ee9cf, 0, 53, 1038
20274, Martha, Williams, 26/2/2000, MarthWilli3906, b7d55b2ed509bda559b2fe9011fb7bbb, 1, 49, 1026
20275, Peter, Boydston, 7/1/1999, PeterBoyds6142, 813db50600fc80f7d6e2df992d43fa51, 3, 55, 1046
20276, Marianne, Owens, 2/2/1997, MariaOwens6114, c68d8aa7e993a6e250d4b60dc0c800f8, 0, 76, 1007
20277, Jennifer, Hocker, 22/7/1999, JenniHocke8903, 44b503e38ad357205ab5fd8108e4ed25, 3, 20, 1018
20278, Rocky, Porterfield, 6/2/2003, RockyPorte4861, d8f270d7927d68fb6f4e2319cbd6a343, 1, 93, 1003
20279, Ariana, Moore, 24/12/1997, ArianMoore4191, 358082f743ab300315daff1f9898c394, 0, 1, 1034
20280, John, Brownlee, 22/11/1997, JohnBrown9908, cfe9c1a67ebc628de5557442cf4384e8, 2, 6, 1018
20281, Randall, Steele, 2/3/2001, RandaSteel3820, 023e8700e806f6673d04b8b5eff19f1c, 1, 92, 1002
20282, Graciela, Beckham, 6/12/1999, GraciBeckh6001, ea575db4102f803c18b8da1f785f09da, 0, 8, 1046
20283, Brittany, Bowman, 17/6/2003, BrittBowma9534, 400f37afc9211da8572eede90aad2a25, 1, 64, 1047
20284, Glenn, Erlewine, 7/4/1999, GlennErlew4858, 37b8cfa4e80e0594a03ee335378d484d, 0, 87, 1033
20285, Bertie, Fleming, 2/4/1998, BertiFlemi5299, b257c3c7ace80f212c7ceb805865dd05, 2, 48, 1011
20286, John, Petty, 14/7/1998, JohnPetty8037, dd1b77e95f7b4ec99764b3f4b291a6ab, 2, 24, 1041
20287, Daniel, Yancey, 14/9/2000, DanieYance4733, 97b242059af8ffd4b526acbfa4429630, 0, 25, 1024
20288, John, Busby, 12/6/1997, JohnBusby2689, 08ba730325a0f94b0f497e115aac0a06, 0, 39, 1009
20289, Agnes, Schmid, 7/4/1999, AgnesSchmi9409, b62bf9bafb8fe7e46008eb0da833fcd5, 3, 93, 1029
20290, Alan, Goss, 11/11/1995, AlanGoss5307, 2488ac817e33987bd760cf96b196a9c4, 0, 14, 1048
20291, Courtney, Shade, 7/2/1996, CourtShade4823, 57e0f6f880d405b30cfcde75b2ee66a8, 0, 96, 1017
20292, Oscar, Land, 7/5/1998, OscarLand2365, 133955f00df0ece80cc9f6872c4c731e, 0, 15, 1040
20293, Lauren, Varner, 20/7/1999, LaureVarne6386, ec0a448f43f6269c500c8a3e6e455339, 1, 43, 1016
20294, Sydney, Eastman, 23/3/2003, SydneEastm7020, 9a3b9432b81ff8eb9e2687aaa6c68da9, 3, 98, 1042
20295, Willie, Hirtz, 17/8/2003, WilliHirtz8596, c4673ece3f41bcafeb9f2ccc53bd3978, 3, 68, 1035
20296, Daniel, Spurlock, 7/8/1996, DanieSpurl3387, ab6b6c7f9693d06d679ddfc1b13694a7, 1, 79, 1047
20297, Jonathan, Miller, 24/8/1997, JonatMille2567, dad67152cd5ec6c15e750c6ffce37d51, 2, 21, 1048
20298, Richard, Carroll, 10/11/2002, RichaCarro6379, 66a6de7f671cff2329795067814acf8d, 3, 33, 1005
20299, Robert, Allen, 24/7/2000, RoberAllen5500, 18e50cd410237ac0939a6a17efac0696, 2, 21, 1025
20300, Judy, Cox, 14/10/2000, JudyCox8672, dfdd3e490314ec1c736a89f76da5ed34, 1, 39, 1034
20301, Brittney, Junes, 20/8/2000, BrittJunes4540, f9fec7ba715e7c02469adb707500ce58, 1, 45, 1043
20302, Carl, Valentine, 27/12/1995, CarlValen3745, 466b22945361b61e5297a378f9b0118d, 3, 30, 1019
20303, Nora, Fulton, 23/2/1995, NoraFulto1128, 86bd76be28047c4d2228efe817caef8b, 1, 85, 1032
20304, Jillian, Clark, 28/10/1995, JilliClark2975, 0a1da919f2164bbce96959292998d71b, 2, 80, 1024
20305, Maria, Davis, 3/4/1999, MariaDavis6511, 9e52e99a3656cc05a50c4bafae321bf1, 2, 25, 1045
20306, John, Bridgham, 2/12/1997, JohnBridg1764, c25441a8a378520165d303e2d505bf0a, 1, 32, 1030
20307, Glenna, Lucas, 28/5/1996, GlennLucas2120, 8427cc234664b5eb679fe9f32d57938a, 2, 87, 1001
20308, Helen, Hayes, 26/5/1999, HelenHayes9490, a24e0c7558cc3902c4d5f1dcc881656e, 0, 89, 1001
20309, Jeannette, Howarter, 21/11/1996, JeannHowar5360, 07b158bb65498b018b13f99c5f4f2ca3, 1, 75, 1045
20310, William, Nunez, 2/8/1999, WilliNunez9929, 05488956285874bd2b911998eabae3f2, 1, 93, 1008
20311, Jason, Kilcoyne, 21/8/2001, JasonKilco4086, 042dafe718170fe3de62bbe91f83ebf5, 3, 38, 1018
20312, William, Simon, 3/7/1998, WilliSimon1857, 142096d422491c0a5eaef48af0d31e32, 0, 14, 1015
20313, Jacquline, Stahr, 27/7/1997, JacquStahr8477, 65dd3ddff72634f986b0bddd37e3f958, 3, 20, 1002
20314, Andrew, Yates, 14/3/2000, AndreYates3646, 8dfa9253b838368a1ab56f1399b0a82f, 1, 14, 1026
20315, William, May, 20/5/1999, WilliMay5539, e287577b4c68aa36b78f12da13d9ccbe, 0, 60, 1004
20316, Shaun, Godbold, 20/6/1999, ShaunGodbo8220, 681cd42d71a588b8e00e3ffa291dbbd7, 3, 63, 1048
20317, Robert, Hurd, 3/6/1999, RoberHurd8938, af5c488cd5e42292274183c1d1276abe, 0, 94, 1023
20318, Ellen, Raymond, 25/12/2000, EllenRaymo9284, a1192727c40c4f018f278045532703fa, 1, 28, 1023
20319, Ladonna, Robbins, 22/12/1995, LadonRobbi8204, 88a3ae5d389cb11466263100013206cb, 1, 86, 1019
20320, Kylie, Nava, 23/8/1999, KylieNava2645, 7a9289e0f7132003da53e0fd63f65d61, 1, 27, 1037
20321, Joseph, Berg, 16/10/2002, JosepBerg3906, 5d3f65340a1c57d0640129fdc31ce483, 1, 47, 1042
20322, David, Warren, 19/9/1998, DavidWarre6884, c88b9820f955e419ab7172446cb9d914, 1, 95, 1007
20323, Marie, Thurlow, 17/10/2001, MarieThurl7393, 7d3eefaa2f6d9592cccbdeb2f6aa06c0, 1, 56, 1022
20324, Angela, Herman, 7/5/1996, AngelHerma7044, 2201edd54afdfabfa1bd660a725bb75b, 0, 64, 1029
20325, Bernadette, Reyes, 23/5/2003, BernaReyes7388, 0347e9c41d1f2ac4af3ce5b1375033a7, 2, 15, 1025
20326, Jennifer, Mclean, 3/9/1999, JenniMclea6635, 067797dc86a9776fc4af49fd1ff07774, 3, 36, 1034
20327, Louis, Sanchez, 3/4/2001, LouisSanch7055, f1a41d6c6fc0673dca04c17f07a66f2a, 0, 67, 1038
20328, Trena, Bowling, 11/7/2003, TrenaBowli9987, d44cd4a17119ebd0e03f667c39f5cae9, 1, 16, 1009
20329, Juan, Miller, 15/5/2001, JuanMille5730, c6daac4e2ddec37bd426e083797e0890, 3, 81, 1043
20330, Nancy, Keller, 13/11/1995, NancyKelle5350, 552a442d4c5130d8fe87a409b4d16989, 1, 93, 1011
20331, Stella, Malaspina, 3/1/2000, StellMalas4659, 77532de6d87ad541ebaa125bfb954d93, 0, 52, 1007
20332, Mack, Mullins, 21/12/1999, MackMulli7018, eb8a9e06492e59e24a5cf9ba4d060fe7, 2, 30, 1008
20333, Cassandra, Stafford, 4/1/1995, CassaStaff9447, ec628f6c6e98e7bc862918ea20bfa704, 2, 71, 1035
20334, Donald, Seta, 4/6/2003, DonalSeta6442, be6af77174b270c67887e46f266896da, 3, 62, 1045
20335, Yvonne, Cuff, 16/8/1995, YvonnCuff4215, 41a8f0db5500de582bf2aaa560412941, 3, 14, 1028
20336, Barbara, Sharp, 28/6/1995, BarbaSharp8992, c3659f6bf805869f215f02ab734c166f, 3, 4, 1022
20337, Wanda, Hurley, 5/1/1997, WandaHurle3694, d9e9c9511c6097d8fe3e7b18a8b50c1b, 2, 31, 1029
20338, Dan, Coore, 9/4/2002, DanCoore9770, e69aa077b6b0bf9fa63689a4190e8188, 3, 9, 1030
20339, Mary, Smith, 20/10/2003, MarySmith3701, 9da3f527962485e6a9e19235694f4680, 1, 87, 1020
20340, Roberto, Starnes, 22/6/2001, RoberStarn9759, c0980b7e9062c81900c4a12e22908fd4, 2, 82, 1040
20341, Rosa, Burns, 22/7/1997, RosaBurns8391, 22dca77f6ee6dbd319d0d332947aa766, 1, 40, 1043
20342, Dennis, Gill, 7/1/2001, DenniGill3858, 649cf7275a81c9e71da1faa9713bc7b7, 2, 29, 1038
20343, Daryl, Concepcion, 16/3/1998, DarylConce8858, 82caec6c8af2b462581e9959c4f4e028, 2, 46, 1045
20344, Greg, Rafferty, 26/5/2002, GregRaffe8241, 660ba1ea8b0c8919744425ee9e7453ab, 2, 88, 1003
20345, Terrell, Nugent, 23/6/1995, TerreNugen5716, b1f493007ebf0b98d443af2453d68198, 3, 18, 1050
20346, Michelle, Robertson, 13/7/1996, MicheRober5785, ce11ff10a5793c0cb6550b1972f10991, 1, 48, 1024
20347, Kenneth, Robertson, 27/7/1996, KenneRober7376, 2237e093b4822918e00458338119ff26, 2, 57, 1026
20348, Lewis, Quiros, 13/3/2000, LewisQuiro3183, 275c14517ca97ff05b5960180069fd30, 0, 56, 1045
20349, Zachary, Ahlm, 7/11/1995, ZachaAhlm5403, 783af12fb8a42b5d4a1a4306b1b10a34, 1, 18, 1034
20350, Irene, Waguespack, 16/7/1999, IreneWague1715, e55c0c589dae4861c104b25e4ce331e0, 2, 5, 1008
20351, Jennifer, Cox, 22/5/2003, JenniCox4320, c90df1462444a789113e472855a2856d, 2, 56, 1038
20352, James, Bishop, 23/11/1998, JamesBisho2362, c9c6b8b0fdfdaff816c6102f8f7a84d9, 1, 39, 1024
20353, Diana, Carroll, 12/5/1996, DianaCarro3117, fd12000ed72a4204a9d5680fe288e57a, 0, 72, 1043
20354, Angela, Huggins, 8/8/1996, AngelHuggi4336, b5104f36fa5956644064507c16c3a560, 2, 62, 1019
20355, Stephen, Fraser, 19/10/1998, StephFrase8090, a4d3e86bb2c0b203748b24fd9c77ad66, 2, 50, 1009
20356, Stephen, Robbins, 13/5/2000, StephRobbi5813, c07b54cba8437472de8f74e334c87587, 0, 34, 1001
20357, Alonzo, Pounds, 8/3/2003, AlonzPound6017, 02c74ee2646da96f165c9045444c9401, 0, 5, 1017
20358, Emanuel, Fry, 21/3/1996, EmanuFry2362, a383d6de0f8461047dce6ca3dc78292b, 1, 75, 1009
20359, Elenor, Parilla, 14/12/1995, ElenoParil1521, 83e0aabc2890e9e808a4ae3dfbe7af54, 2, 70, 1007
20360, Justin, Bowman, 10/5/1998, JustiBowma7364, fd3324bd471e24e28ab471c17b841100, 2, 85, 1003
20361, Amy, Allen, 25/10/2002, AmyAllen3398, 1639363efa8012232e34c1a64152c169, 3, 12, 1029
20362, Kaye, Sanders, 3/8/2002, KayeSande8645, 1bd6dc37e845ca7b5740b03705564328, 3, 73, 1026
20363, Ashleigh, Baez, 27/3/2000, AshleBaez7655, fc47e6b9a6ea629a6c8a8ad833cf31fe, 0, 40, 1016
20364, Arron, Hoffman, 15/3/1997, ArronHoffm2739, e0868c1b14b917abed2ec7dfeb2154a8, 3, 57, 1037
20365, Barbara, Walker, 15/4/2001, BarbaWalke1724, 4bdd077553e39e5bc467d40046b65e1a, 1, 73, 1026
20366, Suzanne, Lehoux, 18/5/2000, SuzanLehou7703, 1d7a4728302030013556bfc2e6ba8f10, 3, 89, 1043
20367, William, Crawley, 15/1/2002, WilliCrawl3174, 63c290e22d006b10b4848571c4fb7a2a, 0, 67, 1012
20368, Keith, Smallwood, 26/5/2001, KeithSmall3597, 3dee5a5ac82ac48e1c9ea0ab33b64125, 0, 15, 1008
20369, Cheryl, Hathaway, 13/3/2000, CheryHatha9240, 365967f9738f1a5a046805acd0e67559, 0, 87, 1036
20370, Charline, Hunter, 12/3/1998, CharlHunte8757, f30e674e9aa96625f5afa71dbfe556f5, 2, 46, 1046
20371, Mira, Grubaugh, 25/6/1995, MiraGruba8926, 18cb3971429cf0757684ef99443b215c, 1, 58, 1045
20372, Wendell, Mais, 6/1/2003, WendeMais6095, c393385f24db821fff4a58a53352a375, 3, 92, 1017
20373, David, Harris, 3/2/1997, DavidHarri2422, 04b6e76351d54e52a9eced90196bc28e, 0, 97, 1018
20374, Cynthia, Ragusa, 14/9/1999, CynthRagus4717, 40b7d0fc9f4acc896254595fae5bed80, 0, 29, 1028
20375, William, Olsen, 14/2/1996, WilliOlsen3248, 23886a6240f7dc28c482b4015cb50505, 3, 2, 1040
20376, Helen, Gilstrap, 10/3/1996, HelenGilst4784, 92cf562417cba0224481d25e4f8045eb, 1, 95, 1012
20377, Eugene, Nusbaum, 14/3/1998, EugenNusba7647, 9e9f91d66f360027ebf7ce502c1203aa, 3, 78, 1036
20378, Jim, Vinson, 21/9/1995, JimVinso3214, 5a1f655e17a233efdc9620f847bd36dd, 3, 28, 1045
20379, Terry, Aragon, 22/7/1998, TerryArago7867, b58eba1667b3be9b7f8dda4a9e4158ec, 1, 53, 1017
20380, Mary, Boehmke, 18/7/1995, MaryBoehm9398, 4c35fc6d7f870051845557ba96ce60e5, 3, 78, 1001
20381, Frances, Corriveau, 21/9/1996, FrancCorri4100, c7e6c9ddb2ae33b71f9d496a813c315d, 2, 10, 1023
20382, John, Richardson, 19/3/1999, JohnRicha1703, c3fd85093f6524102179eecd7aca75d8, 1, 35, 1023
20383, Bonnie, Powers, 16/5/2001, BonniPower4818, 233e14690dfbe42c50c14acfc7753ba7, 0, 19, 1018
20384, Catherine, Hanson, 2/12/2000, CatheHanso6964, a503c9a8ce3e533e19291a430251cee4, 1, 66, 1015
20385, John, Wise, 6/4/2003, JohnWise5518, d583c72b9d74df221e29233345302773, 2, 76, 1001
20386, Nicholas, Roach, 8/5/2001, NichoRoach7390, 226f6b594c55b66d54ec938f284265b5, 3, 18, 1020
20387, Anna, Ramos, 15/6/1998, AnnaRamos6157, 8c7b8c64bc82b4c0207dbf6e3555983f, 2, 85, 1048
20388, Scott, Reeves, 23/6/1996, ScottReeve3332, 791cecbfd0d8c24d10896e7bb3f36389, 3, 10, 1017
20389, Francis, Kerns, 2/1/1995, FrancKerns7221, 856a2b6d564794a9ae7d47070c3dea4a, 1, 8, 1004
20390, Nancy, Garner, 22/6/1995, NancyGarne8867, 0fad8ea119731a3fd541913e37f9bb3e, 2, 3, 1050
20391, Gloria, Shields, 20/3/2002, GloriShiel3177, bdef905d6cb8d438debae9866fbf5f7b, 3, 86, 1043
20392, Donald, Munroe, 21/3/1996, DonalMunro7389, bd4bd472cbc200bbcb9fe95f6a1d3be0, 3, 40, 1049
20393, Lisa, Cornelia, 8/10/2002, LisaCorne6842, 47f702d9613219fbf02b2c136e279132, 0, 73, 1046
20394, Arron, Glass, 20/6/1999, ArronGlass1485, b855ce142f218b2a2dd5507c632215d0, 0, 3, 1004
20395, Jeffery, Green, 9/10/1997, JeffeGreen3619, c6eabdcda8f467f14fdab46caa7b44f4, 2, 63, 1031
20396, Christine, Bolton, 15/5/1999, ChrisBolto8804, 9b1663d8ed7981036fc1d4e14bc80d60, 1, 36, 1045
20397, William, Dreyer, 25/11/1997, WilliDreye8487, f360ca9a233e7882e884e38e8467517e, 0, 13, 1021
20398, Lillian, Gordon, 26/10/2000, LilliGordo3084, 5e6453e0a0e2457cf9647b62aafdf579, 3, 11, 1004
20399, Gloria, Mckenzie, 7/5/1998, GloriMcken2831, a9533a5b80e4e616faa641e023f60f42, 3, 79, 1027
20400, Joan, Pelton, 2/7/2002, JoanPelto5231, ca97cce30ffe0c074ce86a21b84f9fcf, 1, 29, 1012
20401, Christopher, Luu, 20/1/1999, ChrisLuu6857, 3ee29455c44d56494280c4735ea14f84, 2, 71, 1029
20402, Mercedes, Schmidt, 3/10/1997, MerceSchmi5299, 2b10082ee3146ad6597c8c95ea04b579, 3, 33, 1028
20403, Freddie, Lewis, 21/7/1996, FreddLewis1903, f387ddd3a81febd88c00f42f8ef802fa, 1, 10, 1047
20404, Cynthia, Armstrong, 12/1/1996, CynthArmst7314, 31ca953e4fd7a2feedde082e86999fab, 1, 14, 1019
20405, Charles, Woods, 18/6/1997, CharlWoods9410, 138c72b2afec74d13bae3fe30f599440, 3, 5, 1029
20406, Scott, Davis, 8/6/1995, ScottDavis9391, 36698cd243fc2d9268ea1787b8ad973b, 2, 35, 1012
20407, Ramon, Smith, 1/8/1996, RamonSmith9621, 5d045eefd151854fc92d859fb9fea988, 2, 7, 1013
20408, Dee, Hunter, 13/5/2003, DeeHunte3188, 36c5e6c52916399a57c9f01e19385ed2, 3, 37, 1006
20409, George, Lum, 16/7/1995, GeorgLum5931, dcb87dde7325fcad4463a3ae61b1e1e1, 2, 91, 1014
20410, Frederick, Bruley, 26/8/1996, FredeBrule7373, 9a9fbb531f7f150716a12318d7611a37, 3, 68, 1001
20411, Jennifer, Wells, 22/1/2001, JenniWells2516, a2ccaef739457d5f6bd93d86e8d6dbb1, 1, 73, 1003
20412, Kenneth, Rice, 23/4/1999, KenneRice2310, 4d8e2019811cc1705ccc5ab1ef3ba890, 2, 96, 1046
20413, Anthony, Garcia, 15/8/1999, AnthoGarci3919, 8170110a1f5ffb79ecf17d445bbd51db, 3, 77, 1043
20414, Paul, Calderon, 6/8/2002, PaulCalde3972, 96273dfb4c644bd8c6e3239b6432ed24, 1, 42, 1029
20415, Yvonne, Hudson, 12/4/2003, YvonnHudso5302, 11637874aa4a30ed2ae41c1a5a55f3f9, 3, 72, 1010
20416, Rosa, Mata, 10/1/2002, RosaMata9013, 2398e2fa7ca2933d5b4dcd869491113f, 1, 30, 1047
20417, Jeanne, Clifton, 23/6/2000, JeannClift4188, 4f1a4ba15caeec702e6380e0f579b021, 0, 24, 1033
20418, Richard, Olesky, 2/1/2002, RichaOlesk1376, c989ae0042fa56ec790c9e5807e46a9a, 3, 65, 1031
20419, Juliana, Hammonds, 22/1/1996, JuliaHammo7841, 640243d548d16833822110c38babb86a, 2, 92, 1030
20420, Shirley, Richard, 17/11/1998, ShirlRicha1508, 79e517c847a62afaec492bc9de0a4782, 2, 90, 1020
20421, Carole, Flores, 2/4/2002, CarolFlore6034, 938972142cbe2785c0d0164feaaee34a, 3, 18, 1035
20422, Jaimie, Escobedo, 9/2/1996, JaimiEscob2514, 286af8898659c590eb66f7114dfac702, 2, 78, 1048
20423, David, Hargis, 2/7/2001, DavidHargi9777, 09193c2fca85d8afb6f6feba589fc5d7, 3, 16, 1019
20424, William, Janelle, 15/1/1998, WilliJanel5776, 71a94d9652deb8534cd03a5dd1bd3fb8, 2, 97, 1008
20425, Lynn, Christenson, 4/8/1997, LynnChris4254, f47953411b491e353830be47953c7d31, 3, 46, 1019
20426, Wesley, Sheppard, 7/2/2001, WesleShepp5718, aabd6326cd9cb27729749d3526885746, 0, 46, 1049
20427, May, Forbus, 12/12/1995, MayForbu2365, 484dfba78c185827df133833fa6573b6, 2, 15, 1008
20428, Jeremy, Geraci, 10/10/1995, JeremGerac4307, 3401d7f5ac1c9a9eacef87953cd8fac3, 0, 100, 1003
20429, Rita, Chandler, 25/11/2001, RitaChand1984, ae6ab6a8e73a88618a415a910305757c, 2, 11, 1041
20430, James, Carter, 3/10/1999, JamesCarte8937, 23beb312f73c4c556c0515b6463fd58a, 1, 4, 1046
20431, Candace, Marsaw, 24/12/2000, CandaMarsa1308, e3db37973f4d6c085257b5896d01607d, 2, 81, 1037
20432, Victor, Perdomo, 13/2/2001, VictoPerdo6989, af5bd7c657f776d7349e16787184cbc5, 1, 9, 1029
20433, Ruby, Redding, 20/9/2003, RubyReddi8335, 8bf8bc08cb38365d9fec3ec62660b31c, 3, 93, 1019
20434, Miss, Beaudion, 22/12/1998, MissBeaud9436, bd25173e149de23c9c4644b11acc45d7, 0, 83, 1032
20435, Leo, Faurrieta, 28/10/1999, LeoFaurr8948, bd1a7f6005510c57454780c0832f2cf0, 0, 15, 1041
20436, Michael, Firman, 13/4/2001, MichaFirma2452, 537b2ca26e304c7396f75b7ae5d9c369, 2, 4, 1030
20437, Mildred, Graddy, 19/11/2000, MildrGradd1481, bcafc2c276b6f0cbe2d63fef96f918bc, 3, 9, 1002
20438, Lina, Rhoden, 17/7/2001, LinaRhode9301, 28b01bc917755c98e9ce881d31706c87, 0, 26, 1017
20439, Necole, Cole, 18/3/2002, NecolCole3249, 41ac4469ec9517dbc87b4c0ac8805e7c, 2, 37, 1007
20440, William, Knight, 1/7/2003, WilliKnigh5143, 33452c3f71d6cc6293b8d581c880b5e9, 1, 11, 1026
20441, Barry, Tello, 26/3/2003, BarryTello1477, 34ea498eee768f06e8c67ade9f78b348, 2, 80, 1038
20442, Marcus, Billiot, 19/8/1995, MarcuBilli9990, dea6106f0d73f833f2f4ca441abac1a9, 1, 76, 1032
20443, Joann, Newsome, 1/4/2000, JoannNewso5600, bd9936f9174e5bd4ff008e09e039b333, 0, 52, 1034
20444, Ashley, Freas, 22/4/2003, AshleFreas1348, 67820871789d193660d5820a7790b82c, 1, 71, 1036
20445, Sally, Maloney, 11/2/2003, SallyMalon4873, de0513cd280b81922e287ec70f8f1d7e, 3, 11, 1028
20446, Brian, Kimbler, 11/10/2000, BrianKimbl1865, 3d5be0389e0083f248bdd0f3ac6d9f38, 1, 44, 1006
20447, Daniel, Williams, 5/2/2002, DanieWilli6225, c9bde1b04c0d58a06a74075718c0b23a, 2, 83, 1028
20448, Helen, Smith, 24/10/2002, HelenSmith3501, 49a7eed8c58d8e1c9d21addc50ba1462, 2, 1, 1029
20449, Jay, Mixon, 27/8/1999, JayMixon4720, a071935271ef12845b625d59607a1209, 1, 76, 1038
20450, David, Zacharias, 6/4/1997, DavidZacha8348, c19a0f8678a160545be11517d7a0aec6, 2, 2, 1034
20451, Mariam, Crabill, 25/10/2000, MariaCrabi5503, 2e7ecae04c016c145d8ae0a0b9edb377, 2, 16, 1050
20452, Russell, Woodward, 19/5/2001, RusseWoodw5978, c525531b030bcab35d70494f0d746e3e, 3, 49, 1029
20453, Kenneth, Jehle, 20/6/1998, KenneJehle4978, 63dfe8652dce134d838b69bf7f315400, 1, 59, 1044
20454, Joseph, Hornbeck, 3/10/1997, JosepHornb8387, 6ba316e86991cee864036792b7bdbd35, 0, 71, 1028
20455, Vincent, Smith, 3/3/1996, VinceSmith5036, 560da5012a080c52a5ecd1fc12ba15a3, 0, 75, 1040
20456, Brandon, Ohl, 4/1/1997, BrandOhl4352, b3ad0d1bb9a77acb73c5ec073b46a1ab, 1, 18, 1043
20457, Raymond, Adams, 28/11/2003, RaymoAdams7138, 261e8f2880cb69bd426a601144e0e080, 2, 35, 1035
20458, John, Outlaw, 7/11/2003, JohnOutla3568, 5a8ea45396724611ac913b588ea947a3, 1, 91, 1011
20459, Marilyn, Markovich, 10/4/2000, MarilMarko8561, 5c094b7c3e03e3560a4ab1e64b851d92, 0, 13, 1012
20460, Jacob, Armstrong, 24/1/1999, JacobArmst7944, 705a4dd1b0b00ae3e1b7adbb746d5e6e, 3, 97, 1040
20461, Donald, Bussey, 5/7/2001, DonalBusse5282, 612dc3c072e48c4d255e33b43daec6a4, 0, 59, 1018
20462, Derick, Helton, 5/2/2001, DericHelto9834, cc6c13ba8f3846af9f7233dc5c0937c9, 0, 89, 1035
20463, Edward, Holland, 10/10/1998, EdwarHolla2762, 446a64d4c3568a1c0545bd7d7f3f8636, 0, 9, 1012
20464, Richard, Notis, 7/12/2003, RichaNotis5102, 763000d9d930525f300b7569cbf91768, 1, 7, 1008
20465, Alan, Fernandez, 7/4/1996, AlanFerna3043, 5f980b5f2e28f7c23747f94d861fa56a, 2, 89, 1025
20466, Arthur, Rivera, 11/4/1995, ArthuRiver4274, 1977940fa9e970c53a695ad6ff91c135, 2, 33, 1007
20467, Carl, Flowers, 19/8/1998, CarlFlowe5214, 9fcb2315332c7410e28a28bb0ad68d67, 2, 61, 1039
20468, Jennifer, Lee, 2/6/1999, JenniLee6113, 9efc367e8675fc986777e64062ecfba0, 0, 47, 1004
20469, Jorge, Roe, 18/12/2001, JorgeRoe7011, 71fe3e3e12f60e68e072985511baf564, 2, 45, 1038
20470, Charles, Barron, 14/11/2001, CharlBarro4309, f5a906b3aff977338133e8181e75ebae, 2, 14, 1014
20471, Richard, Young, 2/10/2003, RichaYoung4747, d10fcbcddbcbdfc9f97134ed8e97daf8, 3, 46, 1001
20472, Rebecca, Michel, 18/6/2002, RebecMiche7284, 8b0872708d88fb0b7c8ee2307d62ffc4, 1, 100, 1035
20473, Michael, Davidson, 1/3/2003, MichaDavid1636, f2fecadb13545ce74e7d80eb1f252d74, 1, 6, 1010
20474, Amber, Carpenter, 22/3/1996, AmberCarpe6368, 1fcca75991b894cb3d370534d258183c, 1, 5, 1037
20475, Francisco, Sweeney, 23/2/1999, FrancSween8263, cd56f562d2ed3975ab7b4e5b19defab8, 0, 60, 1012
20476, Thomas, Turner, 12/2/1999, ThomaTurne8191, 9153c1db69ea4efc5384d2343a3f0658, 1, 73, 1012
20477, Anne, Graves, 23/8/1997, AnneGrave5600, b674685f0c587220335cc4add8149171, 2, 82, 1039
20478, Gene, Bush, 20/12/2000, GeneBush1388, 6e97c498c11693fe46baa7e667fc3150, 0, 33, 1003
20479, Joseph, Mcallister, 28/1/1999, JosepMcall7614, 42e1496ede563cde3bf558f901e1bf6f, 1, 29, 1004
20480, Hilda, Luna, 23/5/2000, HildaLuna1283, 6f11a3f444eb11ab724e13e15425b246, 0, 90, 1015
20481, Deanna, Colantro, 28/1/1999, DeannColan8965, e3815c8f0c81668f22b974c0a721422a, 2, 31, 1017
20482, Michael, Dee, 20/8/2003, MichaDee1245, 79253d279caac248877b4c74c047b9d8, 3, 59, 1042
20483, Forrest, Marsh, 22/7/2000, ForreMarsh4451, 71f4ea395e3c5b973ce908458efc2e59, 3, 37, 1040
20484, Jack, Ceron, 25/12/1995, JackCeron1736, 1429d76cf77e1982da93d01799e0f78f, 1, 5, 1036
20485, Flora, Spalding, 18/4/1997, FloraSpald3002, 998d93f5a0d15348c087faf9cd3a05c6, 3, 77, 1007
20486, Jeremy, Lee, 5/4/2002, JeremLee6569, b67a55d31af9d714a13118b1e5ac6f5f, 2, 77, 1018
20487, Israel, Greer, 22/8/2002, IsraeGreer8193, af2511eb68a74cb4e26ff657f58acd1a, 3, 17, 1033
20488, Douglas, Fuentes, 18/8/1996, DouglFuent5343, 72199adb2d523a2ec4de834daf13e381, 0, 36, 1005
20489, Allen, Barnum, 2/4/2002, AllenBarnu8298, 14330dcc19073dfea2bb6345ed892936, 2, 13, 1028
20490, Marx, Fender, 24/5/1999, MarxFende4050, 5ca2097548e4c9baa1632a8754c77db5, 1, 82, 1022
20491, Jane, Mcintyre, 16/1/1999, JaneMcint3834, 56769f312bd26b398d7df5f35e32aed8, 0, 32, 1018
20492, Buford, Hicks, 28/2/2003, BuforHicks1959, e789ed0f67e8a969f749144316e016b1, 3, 30, 1024
20493, Oscar, Slater, 17/10/2003, OscarSlate8827, 7780096223e590ca559b99a7be506b95, 0, 77, 1028
20494, Jesse, Hunt, 1/3/1999, JesseHunt1719, 16db78d26414961313f31cf8fa7c0ae7, 3, 66, 1039
20495, Patrick, Johnson, 13/8/2003, PatriJohns3929, b3ed5129c722f446ee0962ffbd7f4488, 1, 20, 1035
20496, Mark, Rogers, 20/8/1997, MarkRoger3551, 2204b5a72dd61f822a006c27c3c4b887, 3, 76, 1035
20497, Guillermo, Orta, 14/4/2001, GuillOrta6604, ff68354b70b773f577e14f7923e92ec8, 2, 96, 1013
20498, Stephen, Motley, 4/3/2003, StephMotle3371, 78d4bbcacd1f7c848013e9df36be19f2, 2, 10, 1006
20499, Jeanne, Muni, 14/1/1997, JeannMuni4916, f93e7fbceead4b2925089c2370af5c46, 2, 81, 1035
20500, Stanley, Hofman, 15/7/1995, StanlHofma9548, ead9bf5adaa4232fdaaf108b31fd536f, 2, 17, 1021
20501, Addie, Charles, 25/5/1995, AddieCharl5816, 0e147481f929d3ad1e07285560c3ea05, 0, 3, 1024
20502, Gladys, Mathers, 19/3/2002, GladyMathe7743, f133366671159dd68640d820df5817ef, 2, 82, 1018
20503, Robert, Snyder, 17/1/1997, RoberSnyde1891, 180742af051b25d23d9cff8774673bca, 0, 7, 1007
20504, Barbara, Demarco, 22/1/2003, BarbaDemar8663, fe414b51f6e641029bf8215275ffdf4e, 3, 14, 1008
20505, Nadine, Edwards, 25/10/1999, NadinEdwar7378, 3a302b7003f686c4737a70ee7b82bdd7, 1, 33, 1025
20506, Roy, Claussen, 18/6/1995, RoyClaus6861, 4599d0be8643ab1fe2653c386430d1dd, 0, 34, 1050
20507, Joshua, Bean, 11/12/1997, JoshuBean2360, 7d804fc919395384025249ce4295bd03, 1, 1, 1013
20508, Wayne, Rahaman, 18/4/2003, WayneRaham9113, 91e99f15cb635df6b9379ba07f93c77c, 3, 57, 1002
20509, Alexander, Mosley, 8/7/1998, AlexaMosle1685, 83f8e0e656fe9e8ffbee0f86ee46f0eb, 1, 68, 1010
20510, Crystal, Edmondson, 8/9/1998, CrystEdmon8354, ce79b6da0f97d25927ffbe83b714ce22, 3, 92, 1031
20511, Connie, Davidson, 8/7/1995, ConniDavid2316, 70c68259ee1e6b12d83f457750e8edb0, 1, 64, 1045
20512, Richard, Mcglynn, 14/12/2003, RichaMcgly3674, 5bdbdc0131d84add66f18bb3b5c6ceab, 2, 100, 1023
20513, James, Markum, 14/6/1998, JamesMarku3689, 26b902c5581e8796cdc7685741c8c6b5, 0, 65, 1032
20514, Paul, Mack, 23/8/1997, PaulMack9457, 17ef00fad52aeedd0f6c30cb8a2bf277, 1, 41, 1035
20515, Paul, Thompson, 22/3/1995, PaulThomp9238, fe4df4bb3ed7f54ef7d0ae937a40e389, 0, 42, 1041
20516, Leonard, Anderson, 5/10/2003, LeonaAnder8080, 08caabc5feb228ae66972e27804a5d72, 0, 30, 1049
20517, Amanda, Simoneau, 24/10/2003, AmandSimon4350, 261405008320e62c36e32da809946282, 1, 99, 1050
20518, Sherell, Cansler, 19/7/2003, ShereCansl5409, b9373a61fc8da9766ca6a750ae657ee4, 2, 41, 1011
20519, Kenneth, Cannon, 12/11/1995, KenneCanno2711, 1058f4de2774919005f488a23000c96c, 3, 53, 1025
20520, Denise, Cromartie, 22/4/2003, DenisCroma2624, 338020e711431a50fb72b062b617d3fe, 0, 87, 1027
20521, Eileen, Fiaschetti, 1/3/1998, EileeFiasc6274, 3d4f85b10eede32985d403c25da6abc5, 2, 52, 1013
20522, Carolyn, Main, 18/3/1997, CarolMain6503, 30acc4125f5b58a7d6c888eb6da77a56, 0, 22, 1029
20523, Joseph, Ostrye, 23/7/1995, JosepOstry3271, 25854ca5d3a2b992cd5a0400079f6392, 0, 81, 1023
20524, Michelle, Peterson, 15/2/1997, MichePeter7603, 7107a0fcf1ecd1610543dd45d8ede112, 2, 61, 1029
20525, Karen, Johnson, 4/12/2001, KarenJohns8793, 573fdd5ac6572871a746294cb0905d12, 0, 7, 1018
20526, Mark, Fernandes, 25/4/2002, MarkFerna1396, 2c25341fa22ddc9f2086abde5dafc218, 0, 55, 1013
20527, Ann, Mcknight, 28/7/1997, AnnMckni4248, c5ca262aeec7b8440565956463494d3b, 3, 2, 1040
20528, Roger, Brown, 28/7/1997, RogerBrown1151, 00ef7dd805be447f47325da03d69a267, 2, 76, 1008
20529, Elvia, Phelps, 20/6/1999, ElviaPhelp6478, c22f40160f8da1af35ca8d968e7878ee, 1, 99, 1016
20530, Bryan, Gant, 10/9/2003, BryanGant5404, 6231de3637e235a84e6939dcaba40a60, 3, 3, 1014
20531, Lori, Sanchez, 10/12/1995, LoriSanch8688, 2969d4e74776ccb767c273425ddbbad3, 3, 48, 1007
20532, John, Hooper, 20/5/2002, JohnHoope3989, 09978d579318d66bd87310d4c82c74a5, 3, 98, 1018
20533, Connie, Tippens, 25/5/1998, ConniTippe1046, 74cb0ddbe47e77f7f5cf1d7e8e3ae4c1, 3, 93, 1025
20534, Guy, Fuller, 18/4/2002, GuyFulle1627, 21b860056a176fd9d3f18b3b7737ec85, 0, 16, 1005
20535, Nancy, Tinsley, 15/12/2000, NancyTinsl8560, ef7642ac0acf2157624e5b0108a4f4ab, 2, 34, 1007
20536, Juana, Schwartz, 21/8/2002, JuanaSchwa1012, 431c8bc16287c29bb3bf74b9ad1d19c2, 2, 86, 1016
20537, Todd, Oneill, 24/8/1998, ToddOneil6802, d2240427d512bad09e2a925d7fea94c6, 2, 71, 1026
20538, Todd, Johnson, 7/6/2001, ToddJohns2336, dfc676e8fe76876f5f1a547b1fda7032, 1, 53, 1008
20539, Kurt, Baxter, 21/2/1997, KurtBaxte7690, bc9121b587a02aba56265c22f87181ff, 3, 98, 1050
20540, Brandon, Nelson, 9/8/2003, BrandNelso5147, dbfca82d40489a39fa1774697944ed04, 3, 42, 1033
20541, Horace, Newkirk, 14/7/2000, HoracNewki7737, 70237e167a1e332c3bfb4ec5effbfc7d, 3, 64, 1001
20542, Caitlin, Brown, 5/6/1997, CaitlBrown1239, 947a0ab7b0457cb1bd89b4e75e48e43c, 1, 65, 1021
20543, James, Briggs, 19/1/2000, JamesBrigg6537, 1a718f34bc932a85f9285073dc9ab560, 1, 92, 1041
20544, Joe, Carter, 26/1/1997, JoeCarte7607, b62e60070f4cab536ceb00fcefa0820e, 3, 94, 1010
20545, Gerald, Moreno, 17/9/1999, GeralMoren7267, e7f5c7e072481b37fab80de2249e900c, 1, 33, 1015
20546, Stephen, Wesley, 9/9/1999, StephWesle1861, b1d97befb1434441073f0a0db8c96de4, 3, 22, 1010
20547, Nancy, Crawford, 26/5/2002, NancyCrawf4338, bf661168b86ca7f6d74736bfbb7fdb3c, 1, 70, 1026
20548, Nancy, Woelfel, 28/3/2002, NancyWoelf1107, 3dc82beba429448f02addaab597f08a5, 2, 22, 1045
20549, John, Conley, 13/11/1995, JohnConle6097, 8f601856e3f38019db3d2b0aef03ae58, 1, 3, 1043
20550, Julia, Bethea, 23/3/2003, JuliaBethe6578, 22b0e18ad6231d65b7fdb7cb6b82cef7, 3, 95, 1009
20551, Marvin, Rivera, 4/6/1997, MarviRiver7622, f1e3ce1d01d76447b5f9ff047df2e576, 1, 59, 1007
20552, Arthur, Shelly, 25/6/1995, ArthuShell8034, c771ea96ed11572461351010470e132e, 3, 52, 1010
20553, Deana, Hughes, 6/8/1998, DeanaHughe8305, 875fcad7d27b9aaecf6eeb0c50d35a2b, 0, 55, 1045
20554, Scott, Mellett, 8/3/1999, ScottMelle4470, 9fb5b016d27df72969cc48579005a57e, 1, 32, 1017
20555, Sherry, Greene, 27/11/2003, SherrGreen2505, f6cbf6af39c1d5f5eeefc6da2d4c1052, 0, 32, 1020
20556, Joseph, Kluck, 16/1/2001, JosepKluck7471, b6b21c9c5fae46ff9bcfd2ce7a8413ee, 0, 35, 1005
20557, Elizabeth, Evans, 27/6/1995, ElizaEvans2678, a92d265f40bd8be9d92533cdcf66710d, 1, 92, 1026
20558, Michael, Burden, 17/3/2000, MichaBurde6934, 4f9e551752ffa7e577a0c05efde9e82d, 1, 41, 1030
20559, Keith, Miller, 14/1/1996, KeithMille4090, 586edd649d0e469ad9567447bc1cbf0b, 1, 78, 1017
20560, Monica, Hardiman, 20/12/2001, MonicHardi4042, 1b99f93e6fb004c5043c8ad2dfe035bd, 0, 67, 1002
20561, Michael, Nunemaker, 26/9/2000, MichaNunem9665, 0630b54154e15a4cf25b88145abbaceb, 2, 26, 1038
20562, Daisy, Lapinsky, 3/12/2003, DaisyLapin5576, 8e68bd8f0f4ce9a697735cedbed744a6, 2, 50, 1003
20563, Opal, Webb, 6/3/2000, OpalWebb5511, cc9e63919b247c937cd61a1059d5569c, 3, 49, 1041
20564, James, Swan, 20/3/2003, JamesSwan5915, 56cb3105331697f4d58f0c5b4a8219f4, 0, 77, 1022
20565, Roberta, Nichols, 17/4/2002, RoberNicho6344, c71f64e2ab3e23df2021709c81aceca6, 2, 96, 1044
20566, Rosalind, Tatum, 25/3/1998, RosalTatum7885, ac92b5363c9b1c7bc9e99b2742ad454a, 3, 86, 1001
20567, Cheryl, Tolbert, 12/6/1997, CheryTolbe9368, 44f21751511352e0245c7cd0d556124d, 2, 9, 1005
20568, Bennie, Hathaway, 28/12/1997, BenniHatha6466, f4fa234a4e11ab848bcc650a7ed52b21, 2, 2, 1035
20569, Victoria, Centeno, 19/7/1999, VictoCente4712, db887007cab6b12273f27ccc89cab17a, 2, 85, 1042
20570, Carol, Sause, 7/10/2000, CarolSause2581, 1ead1c3cfdfc7c1acb168a8f9546e3f1, 0, 8, 1036
20571, Marianne, Lee, 27/8/1999, MariaLee8775, 47f528d9a63c7ded073387e2d6ed940b, 1, 97, 1044
20572, John, Sanchez, 17/9/2002, JohnSanch5037, 65500355bcc2b189e01ed8a5009b3153, 2, 14, 1044
20573, Richard, Tabor, 14/2/1996, RichaTabor2882, b109e39e7ab2758894552ad9c68d9e3b, 2, 99, 1038
20574, Boyd, Miller, 21/6/1999, BoydMille1866, 09449359ed705b748e9677169e7f52a6, 1, 44, 1024
20575, Thomas, Mccleary, 3/6/2000, ThomaMccle7954, 86afce700f687dbf9d061f26a18da155, 0, 33, 1028
20576, John, Cooley, 9/11/2003, JohnCoole1424, 14f2c20651631b9a72e9a22eabaeee9c, 3, 3, 1012
20577, Diana, Noyer, 28/3/1999, DianaNoyer7011, c3ef1b1ecbfcb7883a6e249992d34dfe, 2, 43, 1049
20578, John, Pogue, 19/9/1995, JohnPogue1513, e4bffef41c124c5dc1effdbea6c34a5e, 0, 13, 1030
20579, Conrad, Robertson, 19/3/2002, ConraRober4417, b80a51d087aa1355e00498a878f2c5ed, 1, 34, 1028
20580, Derek, Bowling, 28/12/1999, DerekBowli6847, 54b77e5e576a4310e4e171800272a50c, 1, 92, 1008
20581, Freddy, Allison, 11/5/2003, FreddAllis2294, ade3439a4a1d44c8cbcdad13c6f3afff, 3, 66, 1032
20582, Harold, Hernandez, 1/10/1999, HarolHerna6047, 6fd500acbce9f5fad059a2b146ccf0fc, 0, 86, 1005
20583, Lori, Hunter, 2/3/2002, LoriHunte2709, ac5a41d495fedbc67de8b382377681cb, 1, 24, 1003
20584, James, Moyer, 5/11/1998, JamesMoyer3533, 68a975b4cae273a4c48c4a62fa068831, 0, 65, 1050
20585, Judy, Condon, 16/1/1999, JudyCondo6079, c839614a04066238899932a91dca3840, 0, 31, 1004
20586, Sean, Hernandez, 11/5/1995, SeanHerna7773, c06f46bff240013f51af845b3c1d99a8, 0, 74, 1037
20587, Ruth, Vicic, 17/5/2000, RuthVicic8442, ee6dbda33b74e2f92fbc8809555f5ee4, 3, 50, 1011
20588, Chris, Vanegas, 8/4/1999, ChrisVaneg2239, 93ce9a2410effdb0c8c4e5bcdff44026, 3, 4, 1029
20589, Walter, Hankins, 26/11/2003, WalteHanki2504, 68ad34838644841aff53bc3b560de111, 0, 20, 1020
20590, Dustin, Brevell, 25/6/2002, DustiBreve8301, 1ffd0dbdcad6650b394a72e383f4ea6f, 2, 83, 1037
20591, Glenn, Mcbrien, 17/9/2001, GlennMcbri5431, be012f206676082e1a974f884fdb3e4a, 0, 86, 1006
20592, Antonio, Pinsonnault, 17/1/1997, AntonPinso6315, 6e1296969085890d9f7ccd05bfd7433a, 2, 25, 1042
20593, Milagros, Pray, 6/5/1996, MilagPray7967, c3f9b117009839baf1597aaac3a454e9, 2, 77, 1046
20594, Janet, Wallace, 11/6/1995, JanetWalla2863, 7ad150a0012c614b1677a26f92413826, 2, 69, 1040
20595, Katie, Gilligan, 25/1/1997, KatieGilli8329, ecf0c9688fad5b147bfaec96bdd35e2c, 0, 71, 1020
20596, Steve, Russell, 17/8/1997, SteveRusse1788, c7b09d91245453c60bec3ddad554c6e9, 2, 31, 1048
20597, Evelyn, Clark, 7/11/1997, EvelyClark7771, 607621e7986d75d272294cc36ae0d7ca, 3, 6, 1007
20598, Michael, Roberts, 17/12/2000, MichaRober4008, ce7df4286c71ca1bc4023e554421db58, 0, 31, 1037
20599, Robert, Johnson, 14/4/2003, RoberJohns5914, 7371c4bfb2c190fe90c6acfa8063a12b, 3, 100, 1037
20600, Bernardo, Wedgewood, 17/10/2002, BernaWedge8179, 56f60a98989f643b7131cc8a3b9b099d, 2, 12, 1014
20601, Sofia, Turner, 24/7/2002, SofiaTurne3249, a1565c4c09cf288b252964a5dcef47a5, 2, 31, 1001
20602, Nettie, Fox, 11/12/2002, NettiFox9347, 51f17afafdc7f1100342ba70224eeccc, 2, 100, 1034
20603, Cecilia, Fellin, 17/2/1998, CecilFelli3433, 370aa6752a908b9e7dec5b6a876f6a07, 2, 88, 1031
20604, Mary, Bussell, 16/4/1997, MaryBusse8407, 17d760048ec4a6e137f4de9b35b628d1, 3, 13, 1004
20605, Adam, Pelley, 17/11/1999, AdamPelle2484, 758217177d2ca3c16a1eac28a97d926d, 3, 7, 1002
20606, Andrea, Brock, 28/4/1996, AndreBrock3388, 2d9f97f72f448e4b29b27aee181d558e, 0, 97, 1050
20607, James, Johnson, 24/10/1998, JamesJohns9030, a3c787d849e28a8fc35d7664e17484d5, 0, 35, 1036
20608, Heather, Gerace, 27/12/1999, HeathGerac2410, ad62e7e87a1cc3985a736cab3c371137, 1, 59, 1003
20609, Pauline, Melendez, 24/10/2003, PauliMelen6408, 2280e0a5925cbff749419cfe1d5380d7, 0, 23, 1025
20610, Theodore, Chavez, 28/7/1997, TheodChave9006, 5c03f1fd0dbc35632a90ebf5a4b22b8e, 2, 50, 1017
20611, Wilbert, Scott, 27/7/1997, WilbeScott1770, 73209e8309811dc38c064db1a05abdd1, 1, 12, 1012
20612, Herbert, Sanchez, 22/1/2000, HerbeSanch7702, fba29faa6131eb46f92e0e4522a52b3d, 1, 10, 1009
20613, Sandra, Patterson, 20/12/2000, SandrPatte1580, 7142f0e3e9140af9b96ae439db1d1418, 0, 63, 1010
20614, Billy, Hanley, 20/5/2002, BillyHanle1191, be51f8f726f8b21571333d62f3384422, 0, 5, 1035
20615, Philip, Valenzuela, 12/6/1995, PhiliValen4950, 559e76823ee39034394ddaf2e565cd55, 1, 5, 1003
20616, Gerry, Oakes, 18/12/1996, GerryOakes1279, 0e8f546f3f75a7b4c9c877754638fe64, 2, 37, 1041
20617, Max, Quinto, 15/6/2002, MaxQuint9025, a840c9ad7af08bc6074b4dacfec1b3cf, 3, 82, 1039
20618, Joey, Seay, 17/12/1996, JoeySeay8075, c7535f224e6d30dc7cb5e2473ea01cb6, 0, 45, 1021
20619, Patricia, Langerman, 26/11/2002, PatriLange3227, b7db8b0e6c03aaf9b270a5c6215aca2b, 0, 99, 1020
20620, Erin, Kohnz, 19/6/1995, ErinKohnz7027, a82b963dcbcd839f26cf07c7b9f84a40, 3, 79, 1019
20621, Maria, Phillips, 19/4/1996, MariaPhill1924, 127ceca2e7342b18ff87126483982854, 1, 69, 1025
20622, Linda, Llamas, 26/2/2003, LindaLlama1702, cc3e98a2576c1db14b791cd337b388f5, 1, 85, 1002
20623, Margaret, Hazelton, 22/7/2003, MargaHazel9311, 997955ec8c60e11f8ee433edb734eff7, 0, 74, 1016
20624, Larry, Ester, 24/7/1998, LarryEster2307, 3edca02daf86a328f1832b726d9f43cd, 2, 37, 1004
20625, William, Dillon, 11/11/2001, WilliDillo2807, 59e0fffb4954ec01bb06752512919b65, 3, 25, 1041
20626, Elvera, Ford, 21/12/1995, ElverFord8345, 9ad67e3abf16b84ef680681b54200629, 2, 31, 1028
20627, Virgie, Figueroa, 4/11/2000, VirgiFigue5108, dd1bf023221a2249e3f9e8472e575a30, 1, 71, 1033
20628, Peggy, Wanda, 1/9/2002, PeggyWanda2967, a0573c8ff5191bacd89c5755e5b498f2, 0, 57, 1017
20629, Adrian, Decker, 5/12/2003, AdriaDecke9358, c16c425e5a7595dffe83c755c331074c, 0, 26, 1014
20630, Linda, Booth, 26/8/2003, LindaBooth4707, d2294c6bbce4b7c912a554b7daa77234, 2, 98, 1029
20631, Helene, Johnson, 23/11/1997, HelenJohns4914, c85daf4da59e85e6c6f62204dd8a0305, 3, 97, 1009
20632, Betsy, Tudor, 24/2/1996, BetsyTudor1257, 9ad45ab44a06775f099ea6a1333f32dc, 1, 30, 1008
20633, Gary, Romano, 22/2/2001, GaryRoman5227, 8a8255a2e70b5e2ad214f1d8931113bd, 0, 35, 1022
20634, Joseph, Sturdevant, 28/4/2002, JosepSturd4835, 5e8d1495c5aa4b34e4806f4ccb51a5b1, 2, 82, 1013
20635, Margaret, Battle, 21/7/2000, MargaBattl5776, 4550f50c779d9ccb2c919cf38254dc62, 0, 4, 1042
20636, Tina, Davenport, 13/5/1997, TinaDaven1811, 72bd8918b002689a82df08347dd5351d, 2, 7, 1006
20637, Romona, Berk, 27/2/1997, RomonBerk1751, e0f49d4cf8e52a7afda57b4630df7a7c, 3, 31, 1029
20638, Martha, Crutchfield, 28/2/1998, MarthCrutc4740, 619aac7f64a32ac26667d5222f1fc91b, 2, 51, 1034
20639, Sherman, Dardar, 15/8/2001, ShermDarda7654, 3b9c1a21348d6ed010479f201c41eb8f, 2, 41, 1001
20640, Gloria, Frierson, 8/12/2003, GloriFrier1595, 44882754b9aead914c844ed49516306c, 0, 20, 1022
20641, Dorothy, Haist, 19/10/2003, DorotHaist1623, 1a0470dd2104cd80ee23a28cc34bf338, 3, 46, 1024
20642, Linda, Morrow, 10/6/2001, LindaMorro6595, a2f30496413768ab399bdaaefe382f17, 0, 90, 1024
20643, Mary, Dudley, 21/11/2001, MaryDudle9948, ea2e5926a1fe62abcd1c7e3f1b63d954, 2, 21, 1040
20644, Willie, Masterson, 28/11/1996, WilliMaste3527, 596fd019ef05a46a95124f8edee56528, 2, 17, 1008
20645, Iris, Rosenberger, 25/10/1998, IrisRosen2104, 4bd99e752d691f920e9efd2f3c9f7e16, 1, 60, 1023
20646, Rosalie, Moten, 11/7/2000, RosalMoten1184, aa6f2bcfd95ab3689b39417d47e511c7, 3, 6, 1038
20647, Richard, Wehn, 14/3/1996, RichaWehn5076, e721babd6ff64c466cce61c6cf2a5344, 3, 90, 1049
20648, Marcus, Cawley, 5/8/2003, MarcuCawle1670, 4e818441b2d23ec645cd7cd2794b01fa, 0, 43, 1040
20649, Katherine, Fitch, 11/4/1996, KatheFitch7884, 7dc771645a7147ce35c573378459d220, 3, 21, 1015
20650, Michelle, Slaff, 24/11/2003, MicheSlaff5388, 51c8e2aaf0e442ddbd8e35565d696449, 3, 53, 1035
20651, Janis, Picciano, 8/6/2001, JanisPicci3627, b30bc9f4d9f9fe52f4be10963ae7bed4, 1, 18, 1047
20652, Steven, Zack, 5/6/1996, SteveZack9814, bfac24fd7c9db383fe7e58ad5f56ea90, 3, 98, 1033
20653, Kimberly, Gilmer, 16/3/1999, KimbeGilme2649, 01b780213470fac5b0adfac7d7e43d3c, 1, 44, 1011
20654, Gregory, Johnson, 28/12/2000, GregoJohns4686, ee01e8cddf45a10c6af7d3d298edf8dc, 1, 33, 1005
20655, Carlos, Bussell, 23/11/2002, CarloBusse4590, bfaae9c648b8b9976d249adb3cde5d8a, 1, 78, 1035
20656, John, Kelly, 3/4/2001, JohnKelly2781, 2649557c2fd1b054f04f07397e291495, 1, 80, 1021
20657, Anthony, Ridley, 23/4/1998, AnthoRidle9096, 2749796e6edad22960eb8619603e5cc5, 2, 63, 1036
20658, David, Jarrett, 9/7/1995, DavidJarre1556, c42c37349ce40cbe649efd3012a12eb6, 1, 15, 1037
20659, Heather, Griffin, 7/2/1999, HeathGriff1826, ca8061e6aa4b7af62ed7ae1617947be9, 0, 38, 1014
20660, Susan, Neal, 22/3/1996, SusanNeal2202, 6d298bce76b6afad1374f6c970029ee0, 0, 30, 1047
20661, Ana, Members, 7/11/1997, AnaMembe3812, 24a8e135c9a777a4e95f5d3efd227f99, 2, 20, 1012
20662, Roxanne, Pickering, 5/1/2002, RoxanPicke4436, c545612bf1ae4509ddee7791408ab70c, 2, 39, 1021
20663, Melissa, Huhman, 16/3/1996, MelisHuhma2484, bd7342d6c3b866de804c970db5a5ee7d, 0, 90, 1001
20664, Sean, Reyes, 18/6/2000, SeanReyes1166, 3a641e190682bf23ca7594d332f465ac, 2, 33, 1043
20665, John, Bullman, 2/5/2000, JohnBullm1956, 0c8b31a38f5f0a5e95da9f4fc35fcb69, 0, 36, 1027
20666, Shelli, Rogerson, 7/10/1997, ShellRoger1280, afe3de7fa197d4f9314c841feb4f727c, 3, 18, 1007
20667, Rachelle, Fraser, 6/9/2002, RacheFrase1917, 37d3ee7a75f87d0fed9f79cc4ee5c0c1, 0, 25, 1036
20668, Joshua, Mendez, 20/7/2002, JoshuMende4445, abca39b16a4f1d5a80cc8a511722ecb4, 1, 65, 1028
20669, Rebecca, Snowden, 22/2/2002, RebecSnowd1764, b198890c82947b2ccb33ba4053a47e9b, 2, 40, 1035
20670, Robin, Taylor, 8/12/2001, RobinTaylo7334, f7df6927e27deaa77a41feb44cef6b07, 0, 55, 1040
20671, Tara, Begley, 27/8/2000, TaraBegle1591, 81609e4f2eee7ca332259ec8803f08b1, 1, 4, 1011
20672, Martha, Credi, 4/2/2000, MarthCredi1057, c3b4b4660dcb5b62124164b79b3797de, 3, 57, 1025
20673, Richard, Weems, 14/6/2000, RichaWeems8048, 74e0532066e13066cc0b58e0a56f1d68, 1, 79, 1029
20674, Brandon, Hall, 9/5/1995, BrandHall3026, cbdbab921b57d8451d53502c1dafec73, 2, 76, 1043
20675, Steven, Enders, 4/1/1999, SteveEnder8035, c1b3e0a5473af0c5a1a404a76270432a, 3, 84, 1005
20676, Michael, Mast, 13/9/2003, MichaMast9862, 0edc93daa914f1d4619156b30fbd9c0f, 0, 94, 1049
20677, Stephen, Mikowski, 18/8/2003, StephMikow4534, 2127e25ae8e461c3cc6c0f51ec6ad525, 1, 7, 1045
20678, Trenton, Robin, 7/2/1996, TrentRobin8750, 897ee95992ad72a252b5b62a0ff3446d, 3, 31, 1040
20679, Melinda, Danos, 9/11/1999, MelinDanos7767, 14902af347e7daa2c8c82328605b1f6e, 3, 89, 1034
20680, Carolyn, Davis, 11/7/2000, CarolDavis1058, 9310929f6a30642f96f9a3dc232d03da, 1, 29, 1002
20681, Amy, Snyder, 23/9/2002, AmySnyde3866, dd407113e597dd29f96564b8bb2ca509, 2, 36, 1012
20682, Wesley, Accardo, 15/10/1997, WesleAccar1812, 0594c3b897c63dcb1053de2ec30a118f, 1, 23, 1009
20683, Randy, Hammett, 5/4/1998, RandyHamme8974, 5abca274e7ae72e35855c1987389f1d6, 3, 47, 1035
20684, Diana, Highsmith, 10/7/1998, DianaHighs2780, 6974a0de1687054b7510e9b1ed1c406f, 2, 23, 1044
20685, Justin, Kirkwood, 10/6/1998, JustiKirkw2956, 30368bf6b52e4e3cf377411ccf9e4ea3, 3, 9, 1045
20686, Mozell, Dettloff, 27/5/2001, MozelDettl4056, 838b10bc26c171987eb7872841066848, 1, 43, 1042
20687, Londa, Vitucci, 15/7/1995, LondaVituc3695, bfe5030f88cd9c1057ac19ccc4160365, 3, 7, 1002
20688, Paul, Lesher, 7/7/2003, PaulLeshe4925, 280fae4d14903480860c454329eae6ea, 1, 70, 1034
20689, Raymond, Hill, 12/5/1996, RaymoHill1734, 86d94fbcfaa234c68197f67d8f519dcd, 2, 27, 1039
20690, Tom, Torres, 19/11/1999, TomTorre2848, ebd60f41557da072710532e1bc177076, 1, 80, 1037
20691, Don, Allen, 11/5/1996, DonAllen7557, 97baac0c0f7f82bd0538f48e7f67daa5, 2, 81, 1011
20692, Heather, Harris, 7/9/2001, HeathHarri7471, 785b7f660eff92ee2e8e96ba63c37acd, 3, 70, 1036
20693, Anthony, Jacobson, 2/5/2000, AnthoJacob9864, ffe9e9d07f3551a4f889db777420a2a7, 2, 44, 1017
20694, Helen, Pinckney, 5/1/2003, HelenPinck1839, 35590d0b646ed3e61a87d525441a0d6b, 0, 70, 1012
20695, Cristal, Flores, 27/3/1997, CristFlore9123, e1cc87c398cf1bb9f0eb8fd2d254e9d8, 1, 76, 1033
20696, James, Gosselin, 20/8/2000, JamesGosse8059, 0041f135fd6fb412500c18b1f812a72b, 3, 3, 1037
20697, Kimberly, Walter, 4/11/2001, KimbeWalte9719, 0c3b64cbea446d5944526bf60d4c761e, 1, 43, 1050
20698, Julie, Williams, 19/5/2001, JulieWilli9886, 5a9fc4dde9c489d42a16004925c4d471, 2, 54, 1018
20699, Ruby, Parker, 13/11/1996, RubyParke9360, 19ca99b2871af986f5701d876d1ea721, 3, 92, 1044
20700, Jason, Eye, 16/2/2003, JasonEye7391, 404f19201da27b59563c835c14de574e, 0, 17, 1036
20701, Velma, Rodriguez, 22/2/1999, VelmaRodri7416, d4b5163bd8998d75dce32ee0fb4dad63, 0, 18, 1025
20702, Alice, Swanson, 10/4/1997, AliceSwans4692, 6815c8ea4367521d8fe7f32acf718c2e, 0, 96, 1050
20703, Ashley, Cardin, 20/11/1998, AshleCardi5268, 3963edb67f6ecb320a172188342f0721, 3, 71, 1039
20704, Shirley, Levy, 22/12/2000, ShirlLevy4371, e5160fa508d2ef7725917ff253fedb3b, 3, 32, 1019
20705, Sally, Turpen, 12/9/1999, SallyTurpe6916, a2953a732217f34f5963d5e00d6876af, 3, 40, 1022
20706, James, Leboeuf, 7/9/1998, JamesLeboe8165, 22be498e69c4e8a2642d2f081cff399e, 2, 88, 1013
20707, Terry, Wilson, 25/10/1998, TerryWilso6770, b8d2cfba942e3cb8579cda872272207d, 3, 61, 1049
20708, Joe, Sandow, 20/3/1997, JoeSando3795, 3673b01bcb68faf2d255d95318bab0e5, 1, 28, 1034
20709, Gladys, Fields, 19/4/1996, GladyField1579, 250986c3f9c8bedd93f024752cd71db2, 0, 88, 1048
20710, Allan, Noble, 3/2/1998, AllanNoble9042, cb734340d8329a4babc9f95990e2b971, 3, 57, 1029
20711, Victoria, Amey, 17/10/1995, VictoAmey5107, 0ade885cfbb68fd50e94ad3a369c9252, 3, 4, 1006
20712, Betty, Smith, 20/12/1999, BettySmith6548, 01964c488116410c7bb66a6cbc7d0848, 0, 44, 1017
20713, Warren, Rodriguez, 7/6/2000, WarreRodri8026, 4a4313feaa1fce5d160e3b41e35ecf55, 3, 69, 1002
20714, Melvin, Karge, 26/8/1998, MelviKarge9657, b8a3d4a1b9eb1cc3ea873e3305c52d89, 1, 82, 1044
20715, Doreen, Moore, 4/6/1995, DoreeMoore6222, f81f0fb428b0977111361d1813cf85c7, 3, 17, 1045
20716, Robert, Clifton, 24/8/2003, RoberClift2725, 1e4705a1d4aaf517c52eb2f0986ca293, 0, 43, 1009
20717, Laura, Dowling, 17/10/1996, LauraDowli1911, 7a27aed2a173c7fa5cbfbf3c4697e098, 3, 65, 1030
20718, George, Diver, 20/3/1997, GeorgDiver5040, 7c0f45a769ca62359d118856ea17733a, 0, 17, 1041
20719, Darci, Mobilia, 14/8/2003, DarciMobil2677, c490a05f0f788b9b3cd2d279fe6e9842, 1, 81, 1043
20720, Kellie, Durham, 10/11/2002, KelliDurha9786, a376c693830723e7a164e344df15ece7, 0, 42, 1032
20721, Martin, Loving, 5/12/2000, MartiLovin7883, 4cf78087fb96654a2bc17bfd7fc38918, 2, 55, 1005
20722, Simon, Willis, 12/10/1998, SimonWilli1875, 4f91194813c60740dcf98a8cc0d522bd, 3, 11, 1041
20723, Nidia, Martin, 21/12/1996, NidiaMarti3476, 9524d3796d741da9ef8caaa5f666b2fa, 3, 40, 1003
20724, Suzanne, Spore, 22/2/2001, SuzanSpore4755, 81e0d60e88d590ab43dc2527e5c1c3e4, 2, 92, 1025
20725, Anna, Pope, 9/9/1998, AnnaPope1551, 892ddafad5cdca88735a91220a81cad0, 2, 47, 1035
20726, Terry, Arrington, 24/12/2000, TerryArrin2615, caee045f7eab88b7b3e50576b11fdabc, 1, 57, 1034
20727, David, Coleman, 20/4/2000, DavidColem5955, fcea9bcbd2cf41b9c05e817b17b77de7, 2, 18, 1039
20728, Andrew, Garner, 23/5/2000, AndreGarne4362, 5a5dea135a150065f4f4fb2c4ccb3606, 3, 30, 1027
20729, Willa, Rakes, 22/7/1998, WillaRakes8272, 0b06efd08eade587a01af795d368e989, 1, 35, 1027
20730, Mike, Derrick, 25/1/1998, MikeDerri5656, 746619056e221d2234b934a0a50b1eae, 3, 99, 1007
20731, Michael, Green, 7/9/1997, MichaGreen7226, 173d13fdf443c2352ee731f1ac5ef79a, 1, 10, 1033
20732, Carolyn, Valentine, 10/6/1999, CarolValen3088, 956763fc43cfce9e2e1967f668a86d0b, 2, 59, 1032
20733, Holly, Tuma, 3/4/2001, HollyTuma2843, c3a9e7654a1d2fdac200ca8313add342, 1, 1, 1011
20734, Dorian, Garcia, 13/3/2003, DoriaGarci7974, b7c7b0706e58346729120b7bbcea86a4, 2, 88, 1001
20735, Bruce, Shannon, 23/10/1997, BruceShann5103, 742fcbde1265d455e2507ab63161226d, 1, 40, 1041
20736, David, Calkins, 3/2/2003, DavidCalki2457, 25110f7a4e7b77ac654c2c85764e69ad, 2, 2, 1041
20737, Shawn, Vest, 4/11/2000, ShawnVest6066, 0f0f79634d036ce36d63659104398f51, 1, 51, 1013
20738, John, Calvert, 27/6/2001, JohnCalve2518, 6ca052fb542a6466b22d4f94a8977225, 1, 32, 1016
20739, Patrick, Tyson, 9/2/2002, PatriTyson9329, a8d2189b9985f88611c9233b647fc182, 2, 25, 1030
20740, Jerome, Hynes, 24/1/1995, JeromHynes4211, 1dcd7b2d6176a14e68b198d0e3d8128b, 1, 32, 1031
20741, Sherman, Delperdang, 23/11/1999, ShermDelpe2643, 3d0a9323af38d1833aa12a1759a7a51f, 2, 31, 1020
20742, William, Bonilla, 22/9/2001, WilliBonil9317, 3b6cdeae3690e92c021d0978ffd925b6, 3, 20, 1035
20743, Fred, Hebert, 15/4/1996, FredHeber4391, 5c42245f09a32d0bd6b93b1c70e39990, 1, 3, 1002
20744, William, Knight, 9/1/1996, WilliKnigh5131, 8c509f79c6f131fd4406ae5936b35df8, 0, 3, 1048
20745, Russ, Roth, 9/4/2001, RussRoth6550, a5b6ae484820e4e5076061662909ddf8, 2, 11, 1007
20746, Judy, Prince, 22/7/2001, JudyPrinc1694, 0670ea9e3a7f7ad3bf410e115946b92a, 3, 53, 1030
20747, Pat, Hampton, 10/8/1999, PatHampt8603, 37c2ffb021fc263dbe0490d76b9ec476, 3, 13, 1027
20748, Diane, Howell, 13/10/2000, DianeHowel4349, 89d45edcabf4c5ea525c52db711c1a8b, 0, 68, 1035
20749, Phillip, Marsh, 12/3/2002, PhillMarsh6634, efe6a450739ffeb8480bc6d552c38262, 3, 68, 1032
20750, Stephen, Halpin, 27/5/1995, StephHalpi2585, 7767fd4823b01fe8248e9d23476c0b0c, 1, 41, 1034
20751, Sherry, Swenson, 24/4/2003, SherrSwens5428, 6b1a8976796731d3f9ebe6dd6f0f5414, 0, 83, 1001
20752, Gary, Drake, 1/11/1997, GaryDrake4319, b84173e221d63ce2354fd40cb75a89ea, 0, 84, 1006
20753, Joe, Mattioli, 25/6/1999, JoeMatti5612, 7890202b6d5010aee4226f929033f398, 0, 8, 1020
20754, Andrea, Loop, 21/1/2001, AndreLoop3980, 86370b172e3ae8191fc05aca446ee2c3, 1, 82, 1032
20755, Rebecca, Wright, 26/12/2002, RebecWrigh8563, b3472e890ba23e24a9dde51bf95cd895, 3, 69, 1036
20756, Danielle, Taylor, 8/10/1999, DanieTaylo1351, a7954dd0957db4360d5af34162438de5, 2, 41, 1022
20757, Thomas, Lanphear, 7/7/2000, ThomaLanph9023, 4f04cafe262668535d31d50ddd8ef773, 2, 84, 1047
20758, Lucia, Mcdonald, 27/7/2002, LuciaMcdon7833, 9700acc5c1da42749505099f6e862279, 0, 17, 1042
20759, Joseph, Turner, 4/10/2003, JosepTurne3607, 1d43fba76f75df455e5fbb170ceeb7d8, 0, 72, 1045
20760, Barbara, Woodard, 7/7/2000, BarbaWooda8371, cff51abbf35c7cff5b5aee96b8bf8a57, 2, 18, 1024
20761, Mark, Rogers, 21/7/2003, MarkRoger2515, 62dda473deb68d06a49e0a2d2b59cc32, 3, 98, 1047
20762, Norman, Hall, 28/2/2000, NormaHall8130, 60a4007416b1241c00a2dbdb582d01d6, 1, 35, 1027
20763, Don, Smith, 18/7/1996, DonSmith6561, 9ba273b4e68abf950ad5b738fe73d97d, 3, 26, 1006
20764, Maxine, Navarro, 24/6/2000, MaxinNavar9041, cabcf5abfb87228ed8849aa4616bf43d, 1, 81, 1048
20765, Christopher, Barrett, 3/1/1997, ChrisBarre3632, af92871076852f147c7de393867c80d4, 0, 76, 1001
20766, Pamila, Greene, 8/1/1995, PamilGreen7190, 0084c6841fdc3a00b836ff2d2a037c94, 1, 59, 1023
20767, David, Saunders, 12/3/1996, DavidSaund2782, a280a9ff5666c21501cd35b5c70ceb6c, 3, 31, 1007
20768, Edward, Latta, 4/10/1996, EdwarLatta9304, ed3a455872c374ca61c3a2c78a86b5ec, 2, 58, 1043
20769, Norbert, Scruggs, 10/1/1997, NorbeScrug9826, c90cff82f462268a07035b457a6ae2fe, 1, 47, 1011
20770, Sean, Bartholomew, 21/7/2003, SeanBarth8376, 67729efe36f8750b3ca246c008660237, 3, 34, 1034
20771, Clifton, Ratzlaff, 13/10/2001, CliftRatzl8719, dd015f5f6048cbb9a2529e5116366f7a, 3, 5, 1016
20772, Maria, Leo, 21/3/1997, MariaLeo4801, dd4395d3134adcc5c4a569dc8c218d09, 0, 84, 1045
20773, Alan, Gonzales, 25/10/1999, AlanGonza8129, 433fdcfdb5e82bd361b95f738f6e5f7a, 3, 80, 1013
20774, Adrienne, Patterson, 16/2/2001, AdriePatte4452, d3d4bc9d2ec3d9235c81ddcd30af40f7, 1, 24, 1022
20775, Jean, Beyer, 25/2/2003, JeanBeyer2830, b066f151db80517db904c163bac641f2, 3, 54, 1044
20776, Frederick, Talley, 7/10/1999, FredeTalle6656, 328df7b48025d8766bdc901d2d44af40, 2, 16, 1034
20777, Helen, Hoffman, 28/4/1996, HelenHoffm7206, 1fb2334c32d40521605427f3390ba21c, 3, 98, 1005
20778, Lucille, Weathers, 10/10/1996, LucilWeath9769, 0a335fef8e28429ec791a9e0c4db5df8, 2, 38, 1022
20779, Vivian, Mccall, 12/4/1997, ViviaMccal9113, efcdbe06efcbf025224707fc527b0de9, 1, 46, 1027
20780, Anita, Vaughn, 16/3/2000, AnitaVaugh6562, ea13fcb23da9f0bd42443a30f136349e, 3, 86, 1020
20781, Victor, Dickinson, 22/2/1997, VictoDicki6634, c7df8835a0d7d78c0a900c69d43342d3, 2, 67, 1028
20782, Tessa, White, 10/10/2001, TessaWhite6150, d3469c4844a050477f04fee0b507ac41, 0, 92, 1048
20783, Raymond, Krier, 14/1/1999, RaymoKrier1803, 65d3244d004372ad402e6d8666c196d4, 3, 57, 1035
20784, Tracy, Feezell, 11/8/2002, TracyFeeze3395, 3f21063b23c9c7f11eebebe3512f9e41, 1, 86, 1001
20785, Brenda, Hamilton, 22/4/2003, BrendHamil5198, 5c81e69984347f2b6dc98b9dd6f8a2bc, 2, 28, 1027
20786, Louise, Lansberry, 20/8/2000, LouisLansb4699, 79757827c21489fd559d0cadc09db4b0, 2, 6, 1007
20787, Dale, Souphom, 18/1/2003, DaleSouph3009, 774a265df6c8ee88cf72436616939b1b, 3, 54, 1044
20788, Ramon, Garcia, 19/7/1995, RamonGarci5545, 36fe6ae26231cd5ad8b3d90a5d8aba22, 2, 48, 1022
20789, Peggy, Gibbs, 25/4/2002, PeggyGibbs9230, 4e4bdbde6ff8025007bfe90a6791aaa1, 3, 90, 1043
20790, Dorothy, Nelms, 8/7/2000, DorotNelms6094, 32cf0ff40e22fac45a84923f4d505720, 1, 92, 1014
20791, Michele, White, 8/1/1999, MicheWhite9613, 3303689dcc93c073121c9eb111bf589c, 3, 83, 1024
20792, Robin, Alston, 11/12/2003, RobinAlsto9972, 598aa852c2a6e73c7f3b015f1c1f3567, 2, 42, 1022
20793, Elsie, Duarte, 13/4/1997, ElsieDuart3488, ae3d1c69b48f389060bfc8a82ebf52da, 3, 89, 1050
20794, Bernard, Cooper, 14/12/1997, BernaCoope9814, 037d9e9f63733b2ededd655a37e634a4, 2, 40, 1008
20795, Catherine, Vroman, 24/10/1996, CatheVroma1167, 22f8652b627b5f8d3d549d51545d3b71, 1, 2, 1010
20796, Kevin, Beach, 22/11/1999, KevinBeach6630, 74e1f77064fba03e52dceafe623f1026, 3, 82, 1031
20797, Ricardo, Tygart, 10/4/1999, RicarTygar4626, e4f7c24c6d1e14059dbff12f2546660c, 1, 11, 1008
20798, Sharon, Mehtani, 19/7/1996, SharoMehta9088, f24efc67b3fb6bb8797dc82c4e64a189, 0, 28, 1006
20799, Anthony, Noakes, 22/12/1996, AnthoNoake8044, e3feedecffd5934be551f41bb90ad195, 1, 65, 1018
20800, Rachel, Mitchell, 20/5/2003, RacheMitch5056, f46411e85b817663a0033563ad74ccc3, 1, 63, 1017
20801, Michael, Villarreal, 3/1/1998, MichaVilla7820, 9d548de3e813ccb45914fa71791f90bf, 0, 15, 1034
20802, Stuart, Streeter, 1/11/2000, StuarStree9483, 7026484e30c0fdc0608b79b9d216aad9, 0, 19, 1038
20803, Gary, Schieber, 8/2/1995, GarySchie6212, 520321d5ca820b27ca26b2a098b9af20, 0, 46, 1036
20804, Max, Young, 24/1/1997, MaxYoung8479, 5ece53abd3567bcbbafbb3b70dfd28bc, 0, 10, 1026
20805, Gabriel, Wood, 1/4/2000, GabriWood2955, fc97fbb8bcf75d16900d184a8b8f060e, 1, 22, 1028
20806, Dawn, Alvarez, 5/2/1998, DawnAlvar4950, 59b39d1f1d9d18bcb23ec9e2faff03ce, 1, 89, 1008
20807, Lawrence, Ochoa, 22/9/1995, LawreOchoa8677, 51c3f4d1ab7387564f4efb486619ceaa, 0, 5, 1015
20808, Louise, Reker, 14/8/2002, LouisReker6323, b610ef6089e38daae9f972524f8c97b4, 0, 32, 1010
20809, Ray, Icardo, 20/2/2000, RayIcard5348, c6da416dcaaf366d33670f0c12632e4c, 0, 71, 1044
20810, Claire, Mcginnis, 16/12/2003, ClairMcgin2403, 779c2c01deac3e0e17a5d377145e272b, 0, 17, 1034
20811, Diana, Rosado, 26/4/1998, DianaRosad8226, 8af936c8992223c6bd424dea54b4b895, 1, 26, 1022
20812, Virginia, Phillips, 24/10/1997, VirgiPhill2127, 1061e89ab68ed2a95466111b75bc4010, 0, 53, 1005
20813, Matthew, Dumas, 15/10/1997, MatthDumas5693, a6448d3315bc02a58e4f1eb61bcc7353, 3, 8, 1039
20814, Samantha, Smith, 26/4/2000, SamanSmith3362, 390c00d3dbac7974c0c8720355483289, 0, 53, 1042
20815, Socorro, Rhoda, 13/4/2002, SocorRhoda9654, 591cd088338516af455a0b65b0334bb2, 3, 31, 1031
20816, Helen, Alm, 14/7/1998, HelenAlm6303, d5e4ed7e6a4a7b47c8fda443053be8e5, 2, 97, 1039
20817, Brittany, Anaya, 28/10/2001, BrittAnaya2177, 96b6b4e29f18f45c114019b7212a5c9a, 0, 2, 1007
20818, Drew, Bivens, 8/3/1996, DrewBiven9524, 08ab21d0fa17a2dbcaaa8a155af1a999, 3, 35, 1039
20819, Carmen, Oconnell, 14/5/1998, CarmeOconn2767, 6f6faa2961bf3712b3a89294267a59a8, 0, 2, 1002
20820, Wayne, Cassano, 8/3/2003, WayneCassa3065, ed49c785d91b1fe8be86909cbbb760a6, 3, 57, 1033
20821, Stanley, Orrick, 18/6/2002, StanlOrric2126, 1b891ff5ec07e40e6f7eee3041d8dcaf, 1, 65, 1019
20822, Robert, Lambert, 19/4/2002, RoberLambe1554, 12fb325b7d9eab311b2f4a2171969ffb, 3, 93, 1002
20823, Vance, Vasquez, 6/1/2001, VanceVasqu5048, f2bc1eac96c462970cf2ddd947e43f59, 3, 88, 1013
20824, Abigail, Melo, 26/10/1998, AbigaMelo2551, 053f1ce604fb43062cb1b3a52e683eac, 0, 71, 1020
20825, Alice, Quillen, 27/5/1999, AliceQuill5683, b1f9d5cbbdd3277ec194e408c1840d65, 0, 36, 1016
20826, Lisa, Ward, 20/3/1995, LisaWard2419, 581a9aa14859d7f1f03b0c07e47fb17b, 1, 5, 1040
20827, James, Escobar, 21/10/1995, JamesEscob3765, 035a8ded68983b1aa7eb3ff9acb3b4a2, 0, 11, 1048
20828, Katharine, Capuano, 19/4/1998, KathaCapua1484, 3875fbcfcafcf257c0a2964be7e6427e, 2, 48, 1033
20829, Henry, Lebeau, 10/8/1996, HenryLebea5556, 07fd945fc7876bc1d15a9ae88ab342c9, 3, 97, 1035
20830, Kenneth, Crouchet, 23/4/1995, KenneCrouc6575, 450bf1e9d8d8400720c71cb3358ada3e, 0, 17, 1034
20831, Ana, Hinson, 8/9/1996, AnaHinso7981, 0f8bf81b32c2cc511296423d85cf5c0b, 0, 91, 1007
20832, Lynette, Durham, 10/10/2001, LynetDurha3810, eb0c4a134c16248aee90f80a1ef915c5, 2, 54, 1038
20833, Nathan, Ng, 3/3/2001, NathaNg6047, 7c46cc46634b3a3c6d13cf95323beeba, 3, 13, 1004
20834, Andre, Moreno, 11/12/2003, AndreMoren4847, fb3e5b0e28eca453aec8bbf3789b1c3d, 3, 13, 1009
20835, Donna, Kirkley, 4/3/1999, DonnaKirkl9715, 5775456e2bf4d51b66d35d0a1ac282f1, 3, 3, 1041
20836, Alexander, Pelham, 12/2/1997, AlexaPelha9215, 63ca8b2c685b5acb8db6d0b522a26530, 1, 51, 1019
20837, Michele, Lavell, 23/3/1995, MicheLavel6824, 757ac7ab0166a60ebbde694b77b4993c, 3, 75, 1041
20838, Gilberto, Owens, 14/8/2000, GilbeOwens2259, 5e47323de679fa2b56608b4b1a825a58, 1, 18, 1005
20839, Max, Anderson, 6/7/2002, MaxAnder4568, a7afa3346cc700e445cb7c1fdc62ad76, 3, 50, 1024
20840, Charles, Galbraith, 26/8/1998, CharlGalbr7544, 896db61cd954918212de3f4aea8af661, 3, 84, 1024
20841, Thao, Mars, 21/5/2000, ThaoMars4468, 822a891f554cbbdb0232b7aa5fec7760, 2, 6, 1035
20842, Michael, Lugo, 8/4/2003, MichaLugo8709, f31a708ff9633613a12a8000230222b4, 2, 100, 1017
20843, Lila, Lemon, 28/12/2002, LilaLemon5826, 52b47f99b4731b45074080ed6f7fb47c, 3, 63, 1048
20844, Sherry, Thornton, 21/6/2002, SherrThorn5890, bbe47b38c822e2e6b597d78d0b786a2f, 3, 4, 1022
20845, Louis, Houston, 1/7/1996, LouisHoust2911, 9b1de3a702805a45228120120a06518d, 1, 17, 1006
20846, Kevin, Kennedy, 11/10/2000, KevinKenne6162, e1073ccc339244784acf2d13515294fe, 2, 91, 1026
20847, Sarah, Mcannally, 14/7/2000, SarahMcann6356, 77c8790d99fa825b0a85fa6a42c6e9b8, 2, 32, 1043
20848, Tamika, Raper, 12/2/1998, TamikRaper6328, 2578da04f0ef1b603d4cfe3ffa907176, 2, 21, 1048
20849, Dale, Hutson, 16/11/1995, DaleHutso6565, d35cbc6caf72fdaec33c19ae96acc2b1, 1, 43, 1005
20850, Billy, Potter, 5/1/2003, BillyPotte1433, 4d0b974c9f98e8b23715063c63804417, 0, 27, 1012
20851, Mabel, Horton, 25/9/1997, MabelHorto3084, e09e2480efe3768b559108dbf79b3e9f, 2, 40, 1004
20852, Vanessa, Woods, 6/1/2003, VanesWoods2815, 154b9391d31f3c19cd6ee58e9fff60a6, 0, 80, 1028
20853, Maurice, Newsome, 27/11/1997, MauriNewso5173, 443428bd4b999b9ec5f59f457bd6e709, 3, 10, 1036
20854, David, Dyer, 4/12/1995, DavidDyer6579, 76edbba41107ddc75f37805b65ec17df, 3, 36, 1019
20855, Anthony, Hummel, 2/2/1999, AnthoHumme3063, aac08b33e492ba6aa54896bc3507e514, 3, 44, 1050
20856, Lisa, Weisgerber, 6/4/1996, LisaWeisg4364, bdfb14f291a2886e0cc99d3be7c277f2, 1, 83, 1048
20857, David, Kahn, 22/9/1997, DavidKahn6813, 01cf892eec5254a09b31f01b156a252d, 3, 6, 1004
20858, Thomas, Hill, 11/8/1995, ThomaHill4118, d92d5ab21618167739ba808da697251d, 2, 3, 1048
20859, Maggie, Franklin, 18/2/1997, MaggiFrank9029, d4ecf31391bb2b2837398a1f9ca6d2fd, 2, 61, 1042
20860, Carl, Diaz, 22/10/1995, CarlDiaz7398, 31fb8a986dd1a61776246faed09b329d, 1, 1, 1035
20861, Alex, Doherty, 27/3/1998, AlexDoher5110, a54d56bf43b97c83327b414bda367367, 3, 68, 1040
20862, Mark, Bevelacqua, 24/7/2001, MarkBevel3108, e1906726899124c11ac25f5c9df98df4, 3, 21, 1034
20863, Anna, Johnson, 3/12/1996, AnnaJohns3767, 486849a5352e5ce6ea5e1b77c5aecff0, 2, 18, 1022
20864, Nora, Garcia, 12/10/1998, NoraGarci8949, 9e69b6bc75dffdb0df52370de139cfbe, 2, 95, 1043
20865, Juan, Faria, 5/1/1997, JuanFaria6840, 138d3195b4d3338606edb2147d3bc1b0, 1, 97, 1041
20866, Charles, Hughes, 25/5/2000, CharlHughe3948, 7e47a17c36c2ec4d3cb0a15654b3d2f0, 2, 59, 1008
20867, Nancy, Olsen, 1/8/2001, NancyOlsen8936, d2efcdff8b8585abff70a858ac3cfadc, 1, 86, 1008
20868, Gregory, Velez, 13/10/2001, GregoVelez3739, 3f9ec35747fe30f13745009caf13c6dd, 1, 45, 1031
20869, Maria, Yurek, 12/3/1997, MariaYurek3128, 9472d2903fdd44c4c78960ec6adc8df7, 1, 17, 1004
20870, Pandora, Ponce, 12/5/1997, PandoPonce1256, 97f8d7e4ba929beabe7869d6ad60f771, 0, 85, 1031
20871, Ruby, Reyes, 1/1/1997, RubyReyes9255, 19ce67b7f17307a3bd2ea4bf36511b2a, 1, 63, 1015
20872, Nicholas, Nero, 14/11/1996, NichoNero8420, 0568c099757d1ad5c95843b406199952, 2, 85, 1005
20873, Jason, Pane, 26/10/1996, JasonPane5532, 34d531801b1545893c19fa7cffdb98c1, 2, 20, 1014
20874, Jacob, Doucet, 28/10/2000, JacobDouce5268, 44b59f04fffc16fff69b2cdaf13bc98b, 2, 1, 1043
20875, Patricia, Silva, 26/12/1998, PatriSilva4089, 0cd36ace7ca845f7f4b6a08e262efa0a, 0, 6, 1045
20876, Patrick, Rosales, 9/8/2001, PatriRosal2334, 5ec330f7bbf170e70fe27711d8469b88, 1, 17, 1011
20877, Bryan, Modine, 2/5/1998, BryanModin2160, 74e6da8aaf0998a40d3a3a8e85acd3b8, 1, 85, 1043
20878, Donald, Reyna, 4/2/1995, DonalReyna4534, fb2fa21d0cc4566fe5530d9b187132fe, 1, 26, 1005
20879, Paul, Knauer, 8/11/2001, PaulKnaue8864, 37804bcc7e77eb36c798a043c818942e, 0, 22, 1044
20880, Nancy, Gibson, 8/8/2003, NancyGibso2480, adc8c8db36c7f269dce3b804e9a4855a, 0, 93, 1029
20881, Christopher, Nelson, 17/12/2003, ChrisNelso8593, 37b3fd9695b65ccaec139a36e7ed098e, 3, 38, 1021
20882, William, Walker, 19/2/2003, WilliWalke5516, 868577f495de240761712fcab2199cbe, 3, 35, 1034
20883, Maria, Hasty, 21/10/1999, MariaHasty8694, 45eb10d96969b17bca9bb80782cd3cbc, 0, 65, 1034
20884, Pamela, Haynes, 23/9/1998, PamelHayne8044, 7365b610af649ae059257ae7a3960610, 1, 57, 1035
20885, Kimberly, Olsen, 7/4/1999, KimbeOlsen3702, 58ad7f08f096cc932ed333ed328474e7, 0, 37, 1025
20886, Jeannette, Na, 4/8/1996, JeannNa8839, d4db2ed020c5d8bf7c66cd7a57f6690e, 0, 73, 1013
20887, Wilma, Parra, 15/7/2002, WilmaParra2923, 60d64686a4649f563a1cb4b817d6835f, 2, 94, 1041
20888, Daniel, Cordova, 14/6/2002, DanieCordo1729, 23bcab45589fce6b882e454ea80c99db, 0, 71, 1015
20889, Wesley, Baron, 10/4/1997, WesleBaron1856, e63a2cf21bcc4cad19c06382000b2c0d, 2, 78, 1005
20890, Heather, Hoover, 5/4/1999, HeathHoove9435, e1ba52e085ab0fb8bb5fe9dead527d69, 3, 78, 1039
20891, John, Bullington, 7/11/2002, JohnBulli3489, 826cfae5690a85d341323d704343213f, 3, 9, 1039
20892, Christopher, Cephas, 12/5/1999, ChrisCepha9044, 03346ab0ee0e2784606d1250701ecfb9, 0, 51, 1002
20893, Noah, Armstrong, 1/1/1999, NoahArmst1016, 0d78324836ef5f7a57bf3f3740ae8ff6, 0, 92, 1002
20894, Allen, Vanhoutte, 26/12/1996, AllenVanho9872, 7ac72f2d794ca00a3496fea51d11ed25, 0, 94, 1049
20895, Virginia, Devalk, 19/7/1997, VirgiDeval6467, 3035fe88c6d9e5203bd4282dd6befcab, 3, 2, 1021
20896, Paula, Sumpter, 6/12/1995, PaulaSumpt2061, 004f9f23e8a4dc1e55bbb13c119b87f0, 1, 53, 1029
20897, Francis, Rebello, 15/3/1997, FrancRebel3397, 9ecdbb30226ad06cb1d2091e1272b35d, 2, 41, 1019
20898, Faye, Evans, 23/9/2001, FayeEvans6147, 1253cae7e62eae42a161fa04b2e7db14, 0, 23, 1037
20899, Arron, Harris, 8/7/1997, ArronHarri5492, bbdfa5c3548543609b722d231183554d, 2, 49, 1021
20900, Phillip, Davis, 9/1/1999, PhillDavis3679, 26bc97800c9c94e8cbdeca7eb97e390d, 3, 68, 1017
20901, Jeffrey, Jones, 5/1/2003, JeffrJones4706, 606feaad7c728f5c9cbcb426e04a85e1, 0, 60, 1007
20902, Martha, Melendez, 9/10/2002, MarthMelen4753, 09807ed4351fd7cd2febebca0ebf378d, 0, 33, 1030
20903, Erika, Weddington, 26/7/2002, ErikaWeddi5228, 720487669c25e3d3456e666818ed7f1a, 2, 84, 1050
20904, Edith, Lupez, 16/11/1996, EdithLupez9706, 06dca518ffe915735f3a0d42ca01e574, 1, 55, 1026
20905, Iola, Ruiz, 19/8/2000, IolaRuiz1701, 2dcb5c2da26c4fde0656bff6c78c6c58, 0, 4, 1048
20906, Amanda, Hansen, 11/8/1996, AmandHanse5845, c961c7cb653ad77a4bee2e8864a00366, 3, 39, 1038
20907, Dorothy, Wallace, 14/7/2000, DorotWalla3750, d10a891fb4b5cb15e634b9a10dcd2b3c, 1, 72, 1049
20908, Cythia, Thomas, 9/11/1996, CythiThoma3520, 91dc2c51c3cf2144f440c4de2ae46719, 3, 37, 1008
20909, Ruth, Goode, 24/9/1996, RuthGoode5302, 346b6f962262fc7eb7b5d69eb74bb9e3, 2, 6, 1017
20910, Gregory, Krantz, 23/5/1997, GregoKrant9966, 46277239b4ae245fbb09bdd6dc736cf6, 1, 7, 1047
20911, Migdalia, Grubaugh, 24/1/2001, MigdaGruba5686, da674116cf30a550e852aa5c289853b5, 0, 9, 1037
20912, Everette, Nichols, 15/4/2003, EvereNicho5872, 150fea310122abaeb8b86e7c265e663d, 1, 69, 1004
20913, Abraham, Mahabir, 16/6/1998, AbrahMahab7040, fdfc6561447e4905ee110aa435417ea2, 3, 58, 1044
20914, Randi, Vorhies, 12/12/1996, RandiVorhi9769, a23542bdd03d8880b4cf379b1d10139a, 0, 54, 1026
20915, Laura, Stafford, 28/11/1999, LauraStaff1829, 485086a807868c01ff3c1b8058fb5506, 1, 15, 1043
20916, Randall, Nelson, 8/3/2002, RandaNelso6087, 68aceb9fa0adffe37416574010c8fd03, 0, 96, 1019
20917, Ryan, Junkins, 11/1/2003, RyanJunki4100, c09a3d8a0e1447f1b845f5d16c98ec55, 1, 15, 1022
20918, Marvin, Diaz, 14/8/2001, MarviDiaz8724, e81c362b132008479cd22d1f1d2b0945, 1, 89, 1024
20919, James, Nagel, 22/2/1999, JamesNagel5762, 0eaa06f5227856b3a5a0bc5a8ab08cdd, 1, 87, 1025
20920, Antonio, Donaldson, 16/3/1997, AntonDonal9527, bd531a62d5cd927f489e9644abb8b668, 1, 74, 1038
20921, Larry, Barksdale, 26/1/2001, LarryBarks3411, efc9634169763e8f246dc0f8cc84811c, 0, 5, 1008
20922, Sharon, Nance, 25/6/1996, SharoNance3518, 12477959ffe2b31c480a23eca7b3f410, 2, 52, 1031
20923, Nanette, Sether, 15/3/1999, NanetSethe2761, 176690819eb4fe8c3c83f487338cc36e, 0, 50, 1038
20924, Sharon, Monachino, 10/11/2001, SharoMonac1097, dca607e8c1af12478f30748054f95ac9, 0, 38, 1007
20925, Harold, Llewellyn, 8/3/1996, HarolLlewe9615, 812789b81f310ec20311e3dd088d8c1b, 3, 23, 1015
20926, Kim, Foster, 12/8/2000, KimFoste4776, 8f51e263593ac5b19e5aafb9773e5173, 1, 44, 1017
20927, Elise, Martin, 13/10/2001, EliseMarti5947, cf3258ff2045ac9c4233bfb2d7efeebf, 0, 74, 1035
20928, Carlos, Carter, 4/10/1999, CarloCarte2631, 3c4831edcd89f6895fc4ef3316e7309a, 1, 47, 1015
20929, Jamie, Murray, 21/6/2002, JamieMurra1842, b351358a2b20293be9d292e108ce4e35, 1, 76, 1039
20930, Trena, Edwardson, 14/7/1995, TrenaEdwar7372, 790b6f744ad2e03e509bcb3e7857aa66, 1, 26, 1012
20931, Everett, Stjean, 19/10/1999, EvereStjea4906, d7d7672332d9f066bd70e653475f9b5f, 1, 42, 1033
20932, Jean, Ament, 4/9/1995, JeanAment1975, 21a0dda6017655077bd39be5a8f7bdbf, 3, 48, 1001
20933, Leta, Avila, 8/7/1997, LetaAvila6325, 2772abd4000193f5b457b7bf6d022714, 0, 94, 1034
20934, Christina, Craft, 22/10/2003, ChrisCraft8590, 53f0e90f71ffa47868133c608492f028, 3, 55, 1050
20935, Candice, Santana, 19/8/1996, CandiSanta6775, 0559fec5a5f122aecbec8bba652818ab, 0, 35, 1045
20936, Erasmo, Hopson, 20/10/2003, ErasmHopso2025, 8e98b4da9b346c42431c6934b9bf74d4, 0, 85, 1030
20937, Michelle, Duke, 13/10/2001, MicheDuke3059, cbd4d8ecfe85b12c51ab1348dbcfc53e, 0, 29, 1023
20938, Rafael, Blodgett, 10/3/1998, RafaeBlodg8706, 3c9ddcb14f9f7df4247bd9928ac1a3a9, 3, 44, 1036
20939, Evelyn, Fagan, 4/9/1996, EvelyFagan1969, 54661cb839648e27ba572a1873d0d1f6, 2, 88, 1036
20940, Dewey, Student, 17/11/1996, DeweyStude9778, 0ccba6f3b5d8ab9380bb305227bfe616, 2, 54, 1026
20941, Joseph, Champion, 10/6/2003, JosepChamp6264, d0aa52cdfefe8d168f22a0a84ca58fca, 2, 90, 1038
20942, Sean, Schultz, 24/4/2003, SeanSchul1888, db61e20cb9c3a9658d1ee1444f066e00, 0, 2, 1039
20943, Hung, Porter, 20/6/2000, HungPorte5374, 59aa24158b2f4b46fe12c7e3b24ef84b, 2, 7, 1018
20944, Suzanne, Fraser, 9/10/1997, SuzanFrase2606, 71b56fb549a5e7fb06b4652e0652cc3e, 0, 34, 1005
20945, James, Mccain, 14/6/2002, JamesMccai2527, 48bf1ceff97da153e98b5ec1cb351611, 0, 74, 1011
20946, Hilda, Schneider, 28/10/1999, HildaSchne4890, 2b8789f39a43b81c80eefc69703506f9, 1, 52, 1011
20947, Ladonna, Miller, 8/4/1997, LadonMille4837, 0d331aab0343f3608e685ea89b83f0a6, 2, 68, 1013
20948, Veronica, Warnstaff, 21/1/1995, VeronWarns9510, 2bce8b1ddd631cb0f62698b45465b843, 3, 60, 1025
20949, Elizabeth, Nixon, 24/11/1998, ElizaNixon8991, e401f68c2ad76e49bcc34a4423132dfc, 2, 76, 1050
20950, Judith, Scales, 5/4/2002, JuditScale3340, 270be86951e497157b13560df43b6fed, 2, 41, 1036
20951, John, Ardito, 20/12/1998, JohnArdit5963, d1bd32e3d255f2e61d6e105c9c136fd5, 3, 80, 1046
20952, Elizabeth, Piserchio, 18/12/1996, ElizaPiser3010, 55197f1a8cd1d291dcd792126e9120ab, 2, 85, 1049
20953, Judith, Shepard, 8/7/1996, JuditShepa7244, 32dd5fe4f0d1c92391a6b3f20162374e, 0, 9, 1002
20954, William, Gardner, 5/11/1998, WilliGardn6669, c60b011886cad69cc42b534939191dfe, 2, 10, 1028
20955, Keith, Howard, 11/10/1996, KeithHowar1849, 4beb3be41f4129a18c9674f1e9e7c84c, 3, 19, 1040
20956, Tammy, King, 11/8/2000, TammyKing2951, 1bff348acd70097ce2705ba988707ecd, 0, 79, 1031
20957, Steven, Pellerin, 28/1/2000, StevePelle7335, 3086d6f3a7aadefcc5a56312aa144b77, 3, 100, 1032
20958, Cindy, Larson, 26/3/2003, CindyLarso1326, 17b1268981f545fbf8b58384e9e45c25, 0, 83, 1027
20959, John, Banks, 19/2/2003, JohnBanks9568, 47f468c138d9207cf1b00487d28eab1d, 3, 78, 1005
20960, John, Taylor, 14/10/1999, JohnTaylo4106, 1529a631acd9c2738921b316af1bd52d, 0, 90, 1013
20961, Jesus, Cumberledge, 18/10/2001, JesusCumbe4238, 07f42c718fcae27311981891cbf08d9a, 2, 40, 1036
20962, Vera, Weaver, 12/2/2001, VeraWeave5134, be70e47f80e9da6abb9a2627aeddc42a, 1, 23, 1025
20963, Katy, Clifford, 3/12/1997, KatyCliff1026, b1f835355d991d36570c834357a07f40, 1, 89, 1027
20964, Michael, Vasquez, 9/8/2000, MichaVasqu3770, 257d3c15367361bcc22b7d80afaefbd1, 3, 96, 1043
20965, Norman, Pittman, 15/1/1998, NormaPittm3237, d7f0f5fc72af15b89d49dc3060107d00, 1, 41, 1050
20966, Deborah, Braun, 12/2/2003, DeborBraun9415, 1375ee2e89a19b82bd6bac4dd552c93e, 1, 99, 1010
20967, Gilda, Strader, 21/3/2000, GildaStrad7994, 339d5020f4bbd434177b63192c243edf, 0, 31, 1023
20968, Richard, Lucey, 11/4/1998, RichaLucey9111, 7b3bd8f19ab4b08f23e458af4652562c, 0, 37, 1002
20969, Eve, Rodriguez, 17/11/1997, EveRodri7977, 76f30d5d7098950f165d1841eaace454, 2, 50, 1007
20970, Claris, Hines, 14/9/2000, ClariHines5013, 9121068463c3f7501c0317bf9b4de636, 1, 91, 1046
20971, Richard, Payne, 19/1/1999, RichaPayne2212, 2910e826eba462dcb9d79c02792d6a68, 2, 63, 1030
20972, Jennie, Steelman, 26/11/2000, JenniSteel5434, f67305ee452e1008a5e69e1aa823aae3, 2, 36, 1002
20973, George, Miller, 8/2/2000, GeorgMille7264, b3cea0420dc4533f6be05b2bf45ece34, 1, 47, 1030
20974, Joanne, Waters, 3/9/1996, JoannWater3937, 33ba0f4127d8623f0ff0d86bff2d03aa, 2, 80, 1013
20975, Theodora, Edwards, 7/10/1995, TheodEdwar8090, 08d75d3d38e4c7f02c6f55f7ed9c23f9, 2, 96, 1026
20976, Stephen, Drake, 6/5/1995, StephDrake9250, 0abe5aa73a4d5e8ab475bb80b3fe3933, 1, 14, 1004
20977, Stephanie, Rodriguez, 15/6/1998, StephRodri9270, 6916d42933f4e84a56d90577aa258f52, 0, 64, 1030
20978, Ian, Huffman, 15/5/2001, IanHuffm3264, 29409f153e2cf92a8f8d3475e60677a2, 2, 3, 1047
20979, Tony, Mathew, 22/10/1999, TonyMathe2851, c4bde78c2e3696c65b846c2377ae2c8b, 3, 25, 1007
20980, Stephen, Sawyer, 14/10/2000, StephSawye5546, 8b1d77d041f29294f6f3d5bfa7a72f4c, 2, 38, 1048
20981, David, Williams, 25/2/1999, DavidWilli7281, 66d41075df26d699c0496400ad6762d5, 1, 74, 1022
20982, Rosalinda, Fischetti, 20/12/1997, RosalFisch2788, 5a0fd29a0aff88b80f1b4d4961767bb9, 3, 9, 1033
20983, Ruth, Sires, 5/2/2000, RuthSires8914, 9e3cd6870d40fdec69ebfeba167150df, 3, 66, 1030
20984, Thomas, Houston, 18/2/2002, ThomaHoust9672, 6c46087d7ce1b23c3abf794c8176dd15, 2, 65, 1017
20985, Sharon, Ducharme, 16/11/2002, SharoDucha8998, e039a57280d30cce2d3a00942dceee22, 2, 90, 1038
20986, Jennifer, Westfall, 27/9/1997, JenniWestf4071, 41e66624b5522b4c91729054fcfc78a2, 3, 27, 1035
20987, Florence, Meaker, 28/10/2002, FloreMeake3615, 78f624a4bc2e22c22572cad3ea03aa19, 1, 65, 1029
20988, Maria, Brunson, 16/9/1996, MariaBruns6701, d1f04c6decd37a763919756386bf5693, 0, 27, 1034
20989, Antonio, Naples, 2/12/1998, AntonNaple2314, c3806c445625b6599a97c83a37b9402d, 2, 80, 1025
20990, Timothy, Nesmith, 14/12/1999, TimotNesmi1360, 6c171c85bd760ba393b2ec901433bc8d, 2, 38, 1040
20991, Lindsay, Newton, 7/11/1996, LindsNewto4148, 21ba1422f3b254899f7263747b2086f8, 3, 69, 1032
20992, Scott, Johnson, 8/5/2000, ScottJohns9025, 826a9163200178abdcefc605f8d9bede, 3, 76, 1021
20993, Alice, Price, 17/8/2000, AlicePrice7907, c717e585cab3c8781630decd7e133a1a, 0, 37, 1008
20994, Edward, Boone, 1/11/1997, EdwarBoone5378, 76c5ff4db9b2831d9e0318fcfbaac78d, 2, 77, 1041
20995, Kay, Willis, 22/3/2000, KayWilli5286, 87c2c0c154e0562525e62bc2563e22c7, 3, 20, 1010
20996, Jeremy, Crespo, 27/11/2000, JeremCresp5001, 766de73e5d265470569eecacccf1991d, 2, 87, 1016
20997, Valerie, Vollmer, 18/3/2000, ValerVollm6162, 525b2081a8e597538457ff47c1c753eb, 3, 100, 1002
20998, Javier, Murphy, 19/11/2002, JavieMurph1818, 7be1d31deda77dce5520681c760a4631, 0, 72, 1035
